Date,Location,Mall,Month,On_Off_Cmd,A/M_Status,Trip_Status,Run_Status,Schedule_Mode,Time_Schedule,Is_Weekend,Season,Climate_Prone,Outdoor_Temperature,Indoor_Temperature,Occupancy,Fan_Speed,Air_Filter,Air_Quality_PPM,Power_consumption_kwh
2021-01-01,Pune,Marketcity,1,ON,Auto,Normal,ON,Off,Off,0,Winter,Summer,18,20,101,Low,Low,226,18
2021-01-02,Pune,Marketcity,1,ON,Auto,Normal,ON,Off,Off,1,Winter,Summer,16,18,303,Low,High,382,38
2021-01-03,Pune,Marketcity,1,ON,Auto,Normal,ON,Off,Off,1,Winter,Summer,28,21,387,Medium,High,357,50
2021-01-04,Pune,Marketcity,1,ON,Auto,Trip,OFF,Off,Off,0,Winter,Summer,26,21,147,Medium,Low,205,24
2021-01-05,Pune,Marketcity,1,ON,Auto,Normal,ON,Off,Off,0,Winter,Summer,27,23,129,Low,Low,225,16
2021-01-06,Pune,Marketcity,1,ON,Manual,Normal,ON,Off,Off,0,Winter,Summer,18,21,202,Low,Medium,288,29
2021-01-07,Pune,Marketcity,1,ON,Manual,Normal,ON,Off,Off,0,Winter,Summer,25,20,183,Medium,Low,204,21
2021-01-08,Pune,Marketcity,1,ON,Manual,Normal,OFF,Off,Off,0,Winter,Summer,16,23,333,Medium,High,396,48
2021-01-09,Pune,Marketcity,1,ON,Auto,Trip,ON,Off,Off,1,Winter,Summer,15,20,448,Medium,High,355,50
2021-01-10,Pune,Marketcity,1,ON,Auto,Normal,ON,Off,Off,1,Winter,Summer,29,23,370,Medium,High,379,53
2021-01-11,Pune,Marketcity,1,ON,Manual,Normal,ON,Off,Off,0,Winter,Summer,16,20,128,Low,Low,208,19
2021-01-12,Pune,Marketcity,1,ON,Manual,Normal,ON,Off,Off,0,Winter,Summer,29,22,322,Medium,High,339,42
2021-01-13,Pune,Marketcity,1,ON,Auto,Normal,ON,Off,Off,0,Winter,Summer,19,23,172,Low,Low,213,10
2021-01-14,Pune,Marketcity,1,ON,Auto,Normal,ON,Off,Off,0,Winter,Summer,24,24,113,Low,Low,220,17
2021-01-15,Pune,Marketcity,1,ON,Auto,Trip,ON,Off,Off,0,Winter,Summer,23,22,234,Low,Medium,250,22
2021-01-16,Pune,Marketcity,1,ON,Auto,Normal,ON,Scheduled,Scheduled,1,Winter,Summer,18,20,398,Low,High,397,35
2021-01-17,Pune,Marketcity,1,ON,Auto,Normal,OFF,Off,Off,1,Winter,Summer,20,23,365,Low,High,390,35
2021-01-18,Pune,Marketcity,1,ON,Manual,Normal,ON,Scheduled,Scheduled,0,Winter,Summer,22,22,143,Low,Low,215,12
2021-01-19,Pune,Marketcity,1,ON,Auto,Normal,ON,Off,Off,0,Winter,Summer,20,21,192,Low,Low,241,12
2021-01-20,Pune,Marketcity,1,ON,Auto,Normal,OFF,Off,Off,0,Winter,Summer,18,22,268,Low,Medium,281,28
2021-01-21,Pune,Marketcity,1,ON,Auto,Normal,ON,Off,Off,0,Winter,Summer,24,20,307,Low,High,354,33
2021-01-22,Pune,Marketcity,1,ON,Auto,Normal,ON,Off,Off,0,Winter,Summer,24,22,251,Low,Medium,279,21
2021-01-23,Pune,Marketcity,1,ON,Auto,Trip,ON,Off,Off,1,Winter,Summer,24,22,348,Low,High,353,37
2021-01-24,Pune,Marketcity,1,ON,Manual,Normal,ON,Off,Off,1,Winter,Summer,24,22,375,Low,High,397,33
2021-01-25,Pune,Marketcity,1,ON,Auto,Trip,ON,Off,Off,0,Winter,Summer,24,24,169,Low,Low,203,12
2021-01-26,Pune,Marketcity,1,ON,Auto,Normal,ON,Off,Off,0,Winter,Summer,25,23,342,Low,High,311,33
2021-01-27,Pune,Marketcity,1,ON,Manual,Normal,OFF,Off,Off,0,Winter,Summer,15,22,217,Medium,Medium,286,25
2021-01-28,Pune,Marketcity,1,ON,Auto,Normal,ON,Off,Off,0,Winter,Summer,28,20,280,Medium,Medium,299,28
2021-01-29,Pune,Marketcity,1,ON,Manual,Normal,ON,Scheduled,Scheduled,0,Winter,Summer,22,20,139,Low,Low,222,12
2021-01-30,Pune,Marketcity,1,ON,Auto,Normal,ON,Off,Off,1,Winter,Summer,17,24,496,Medium,High,361,52
2021-01-31,Pune,Marketcity,1,ON,Auto,Trip,ON,Off,Off,1,Winter,Summer,18,24,424,Medium,High,300,48
2021-02-01,Pune,Marketcity,2,ON,Auto,Normal,ON,Off,Off,0,Winter,Summer,25,23,320,Low,High,301,34
2021-02-02,Pune,Marketcity,2,ON,Auto,Normal,ON,Off,Off,0,Winter,Summer,27,23,214,Low,Medium,269,27
2021-02-03,Pune,Marketcity,2,ON,Auto,Normal,ON,Off,Off,0,Winter,Summer,23,22,138,Low,Low,229,18
2021-02-04,Pune,Marketcity,2,ON,Manual,Normal,ON,Off,Off,0,Winter,Summer,18,21,219,Low,Medium,291,22
2021-02-05,Pune,Marketcity,2,ON,Manual,Normal,ON,Off,Off,0,Winter,Summer,25,22,205,Low,Medium,288,29
2021-02-06,Pune,Marketcity,2,ON,Manual,Normal,ON,Off,Off,1,Winter,Summer,24,22,432,Low,High,323,35
2021-02-07,Pune,Marketcity,2,ON,Manual,Normal,ON,Off,Off,1,Winter,Summer,27,22,432,Medium,High,363,51
2021-02-08,Pune,Marketcity,2,ON,Manual,Normal,ON,Off,Off,0,Winter,Summer,29,22,139,Medium,Low,233,20
2021-02-09,Pune,Marketcity,2,ON,Auto,Normal,ON,Off,Off,0,Winter,Summer,22,23,246,Low,Medium,276,29
2021-02-10,Pune,Marketcity,2,ON,Auto,Normal,ON,Off,Off,0,Winter,Summer,28,20,234,Medium,Medium,277,32
2021-02-11,Pune,Marketcity,2,ON,Manual,Normal,OFF,Off,Off,0,Winter,Summer,19,19,149,Low,Low,228,12
2021-02-12,Pune,Marketcity,2,ON,Manual,Trip,ON,Off,Off,0,Winter,Summer,21,22,172,Low,Low,245,10
2021-02-13,Pune,Marketcity,2,ON,Auto,Normal,OFF,Off,Off,1,Winter,Summer,21,23,333,Low,High,302,34
2021-02-14,Pune,Marketcity,2,ON,Manual,Trip,OFF,Off,Off,1,Winter,Summer,22,24,332,Low,High,303,31
2021-02-15,Pune,Marketcity,2,ON,Auto,Normal,ON,Off,Off,0,Winter,Summer,16,21,347,Medium,High,319,53
2021-02-16,Pune,Marketcity,2,ON,Manual,Normal,ON,Off,Off,0,Winter,Summer,20,24,231,Low,Medium,282,26
2021-02-17,Pune,Marketcity,2,ON,Auto,Normal,ON,Scheduled,Scheduled,0,Winter,Summer,18,18,186,Low,Low,229,18
2021-02-18,Pune,Marketcity,2,ON,Auto,Normal,ON,Scheduled,Scheduled,0,Winter,Summer,16,22,285,Medium,Medium,291,29
2021-02-19,Pune,Marketcity,2,ON,Auto,Normal,OFF,Off,Off,0,Winter,Summer,15,22,180,Medium,Low,228,21
2021-02-20,Pune,Marketcity,2,ON,Auto,Normal,ON,Off,Off,1,Winter,Summer,27,20,480,Medium,High,367,50
2021-02-21,Pune,Marketcity,2,ON,Auto,Normal,ON,Off,Off,1,Winter,Summer,24,22,487,Low,High,332,37
2021-02-22,Pune,Marketcity,2,ON,Auto,Normal,ON,Off,Off,0,Winter,Summer,26,24,108,Low,Low,232,14
2021-02-23,Pune,Marketcity,2,ON,Auto,Trip,ON,Off,Off,0,Winter,Summer,29,20,317,Medium,High,309,53
2021-02-24,Pune,Marketcity,2,ON,Manual,Normal,ON,Off,Off,0,Winter,Summer,23,20,123,Low,Low,249,11
2021-02-25,Pune,Marketcity,2,ON,Auto,Normal,OFF,Off,Off,0,Winter,Summer,28,24,323,Low,High,395,35
2021-02-26,Pune,Marketcity,2,ON,Manual,Normal,ON,Scheduled,Scheduled,0,Winter,Summer,21,21,263,Low,Medium,298,29
2021-02-27,Pune,Marketcity,2,ON,Manual,Normal,ON,Off,Off,1,Winter,Summer,26,22,370,Low,High,383,35
2021-02-28,Pune,Marketcity,2,ON,Manual,Trip,ON,Off,Off,1,Winter,Summer,21,20,378,Low,High,352,35
2021-03-01,Pune,Marketcity,3,ON,Manual,Normal,OFF,Off,Off,0,Summer,Summer,33,22,272,High,Medium,269,33
2021-03-02,Pune,Marketcity,3,ON,Manual,Normal,ON,Scheduled,Scheduled,0,Summer,Summer,42,28,196,High,Low,236,26
2021-03-03,Pune,Marketcity,3,ON,Auto,Normal,ON,Off,Off,0,Summer,Summer,30,21,156,Medium,Low,205,22
2021-03-04,Pune,Marketcity,3,ON,Auto,Normal,ON,Off,Off,0,Summer,Summer,34,25,285,Medium,Medium,279,27
2021-03-05,Pune,Marketcity,3,ON,Auto,Normal,ON,Off,Off,0,Summer,Summer,43,29,235,High,Medium,261,30
2021-03-06,Pune,Marketcity,3,ON,Auto,Trip,ON,Scheduled,Scheduled,1,Summer,Summer,41,26,478,High,High,307,61
2021-03-07,Pune,Marketcity,3,ON,Auto,Normal,ON,Off,Off,1,Summer,Summer,41,28,454,High,High,385,64
2021-03-08,Pune,Marketcity,3,ON,Manual,Normal,ON,Off,Off,0,Summer,Summer,36,26,267,High,Medium,267,36
2021-03-09,Pune,Marketcity,3,ON,Auto,Normal,ON,Off,Off,0,Summer,Summer,37,22,296,High,Medium,291,37
2021-03-10,Pune,Marketcity,3,ON,Auto,Normal,ON,Off,Off,0,Summer,Summer,42,26,217,High,Medium,286,36
2021-03-11,Pune,Marketcity,3,ON,Manual,Normal,ON,Off,Off,0,Summer,Summer,39,23,156,High,Low,221,27
2021-03-12,Pune,Marketcity,3,ON,Auto,Normal,ON,Off,Off,0,Summer,Summer,35,26,321,Medium,High,300,48
2021-03-13,Pune,Marketcity,3,ON,Auto,Normal,ON,Scheduled,Scheduled,1,Summer,Summer,35,23,423,High,High,353,62
2021-03-14,Pune,Marketcity,3,ON,Auto,Normal,ON,Off,Off,1,Summer,Summer,38,26,423,High,High,307,62
2021-03-15,Pune,Marketcity,3,ON,Auto,Normal,ON,Scheduled,Scheduled,0,Summer,Summer,30,24,341,Medium,High,355,49
2021-03-16,Pune,Marketcity,3,ON,Manual,Normal,ON,Off,Off,0,Summer,Summer,32,26,152,Medium,Low,234,21
2021-03-17,Pune,Marketcity,3,ON,Auto,Normal,OFF,Off,Off,0,Summer,Summer,33,22,335,High,High,324,86
2021-03-18,Pune,Marketcity,3,ON,Auto,Trip,ON,Off,Off,0,Summer,Summer,34,23,278,High,Medium,260,31
2021-03-19,Pune,Marketcity,3,ON,Auto,Normal,ON,Off,Off,0,Summer,Summer,34,23,277,High,Medium,281,30
2021-03-20,Pune,Marketcity,3,ON,Manual,Normal,ON,Off,Off,1,Summer,Summer,44,30,396,High,High,350,60
2021-03-21,Pune,Marketcity,3,ON,Manual,Trip,ON,Scheduled,Scheduled,1,Summer,Summer,44,26,379,High,High,394,64
2021-03-22,Pune,Marketcity,3,ON,Auto,Normal,ON,Off,Off,0,Summer,Summer,31,26,113,Medium,Low,209,16
2021-03-23,Pune,Marketcity,3,ON,Auto,Normal,ON,Off,Off,0,Summer,Summer,39,26,217,High,Medium,297,34
2021-03-24,Pune,Marketcity,3,ON,Manual,Normal,ON,Off,Off,0,Summer,Summer,40,23,273,High,Medium,254,30
2021-03-25,Pune,Marketcity,3,ON,Auto,Normal,ON,Off,Off,0,Summer,Summer,40,23,217,High,Medium,292,36
2021-03-26,Pune,Marketcity,3,ON,Manual,Normal,ON,Scheduled,Scheduled,0,Summer,Summer,42,31,242,High,Medium,272,36
2021-03-27,Pune,Marketcity,3,ON,Auto,Normal,ON,Off,Off,1,Summer,Summer,42,26,330,High,High,305,72
2021-03-28,Pune,Marketcity,3,ON,Manual,Normal,ON,Off,Off,1,Summer,Summer,39,23,452,High,High,302,62
2021-03-29,Pune,Marketcity,3,ON,Auto,Normal,ON,Off,Off,0,Summer,Summer,34,26,261,Medium,Medium,287,27
2021-03-30,Pune,Marketcity,3,ON,Auto,Normal,ON,Off,Off,0,Summer,Summer,30,21,311,Medium,High,357,43
2021-03-31,Pune,Marketcity,3,ON,Auto,Normal,ON,Off,Off,0,Summer,Summer,43,29,146,High,Low,219,25
2021-04-01,Pune,Marketcity,4,ON,Auto,Normal,ON,Off,Off,0,Summer,Summer,37,25,175,High,Low,248,23
2021-04-02,Pune,Marketcity,4,ON,Auto,Normal,ON,Off,Off,0,Summer,Summer,36,25,195,High,Low,209,24
2021-04-03,Pune,Marketcity,4,ON,Auto,Trip,ON,Off,Off,1,Summer,Summer,33,23,403,High,High,328,58
2021-04-04,Pune,Marketcity,4,ON,Manual,Normal,ON,Off,Off,1,Summer,Summer,43,30,440,High,High,341,80
2021-04-05,Pune,Marketcity,4,ON,Auto,Normal,ON,Scheduled,Scheduled,0,Summer,Summer,34,25,282,Medium,Medium,286,28
2021-04-06,Pune,Marketcity,4,ON,Manual,Trip,OFF,Off,Off,0,Summer,Summer,38,26,120,High,Low,217,21
2021-04-07,Pune,Marketcity,4,ON,Auto,Normal,ON,Off,Off,0,Summer,Summer,42,30,326,High,High,320,86
2021-04-08,Pune,Marketcity,4,ON,Manual,Normal,ON,Off,Off,0,Summer,Summer,36,26,155,High,Low,242,27
2021-04-09,Pune,Marketcity,4,ON,Manual,Normal,ON,Off,Off,0,Summer,Summer,34,25,289,Medium,Medium,255,27
2021-04-10,Pune,Marketcity,4,ON,Auto,Normal,ON,Scheduled,Scheduled,1,Summer,Summer,36,26,341,High,High,366,65
2021-04-11,Pune,Marketcity,4,ON,Auto,Normal,ON,Scheduled,Scheduled,1,Summer,Summer,32,25,303,Medium,High,370,53
2021-04-12,Pune,Marketcity,4,ON,Auto,Normal,ON,Off,Off,0,Summer,Summer,33,24,317,Medium,High,320,48
2021-04-13,Pune,Marketcity,4,ON,Auto,Normal,ON,Scheduled,Scheduled,0,Summer,Summer,31,23,153,Medium,Low,206,23
2021-04-14,Pune,Marketcity,4,ON,Manual,Normal,ON,Off,Off,0,Summer,Summer,39,22,149,High,Low,218,27
2021-04-15,Pune,Marketcity,4,ON,Manual,Normal,OFF,Off,Off,0,Summer,Summer,30,24,279,Medium,Medium,281,30
2021-04-16,Pune,Marketcity,4,ON,Auto,Normal,ON,Off,Off,0,Summer,Summer,43,31,151,High,Low,230,22
2021-04-17,Pune,Marketcity,4,ON,Auto,Normal,OFF,Off,Off,1,Summer,Summer,31,25,436,Medium,High,399,51
2021-04-18,Pune,Marketcity,4,ON,Auto,Normal,ON,Scheduled,Scheduled,1,Summer,Summer,37,25,320,High,High,301,79
2021-04-19,Pune,Marketcity,4,ON,Auto,Trip,ON,Off,Off,0,Summer,Summer,31,22,261,Medium,Medium,280,29
2021-04-20,Pune,Marketcity,4,ON,Auto,Normal,ON,Off,Off,0,Summer,Summer,33,25,273,Medium,Medium,286,33
2021-04-21,Pune,Marketcity,4,ON,Manual,Trip,ON,Off,Off,0,Summer,Summer,32,26,124,Medium,Low,210,21
2021-04-22,Pune,Marketcity,4,ON,Auto,Normal,ON,Off,Off,0,Summer,Summer,30,24,105,Medium,Low,213,17
2021-04-23,Pune,Marketcity,4,ON,Auto,Normal,ON,Off,Off,0,Summer,Summer,41,27,182,High,Low,216,29
2021-04-24,Pune,Marketcity,4,ON,Auto,Normal,ON,Off,Off,1,Summer,Summer,30,21,418,Medium,High,381,46
2021-04-25,Pune,Marketcity,4,ON,Manual,Normal,ON,Off,Off,1,Summer,Summer,41,29,376,High,High,331,67
2021-04-26,Pune,Marketcity,4,ON,Auto,Normal,ON,Scheduled,Scheduled,0,Summer,Summer,33,23,219,High,Medium,272,30
2021-04-27,Pune,Marketcity,4,ON,Auto,Normal,ON,Off,Off,0,Summer,Summer,32,22,283,High,Medium,279,30
2021-04-28,Pune,Marketcity,4,ON,Manual,Normal,ON,Off,Off,0,Summer,Summer,40,22,146,High,Low,244,29
2021-04-29,Pune,Marketcity,4,ON,Manual,Trip,ON,Off,Off,0,Summer,Summer,32,25,220,Medium,Medium,296,26
2021-04-30,Pune,Marketcity,4,ON,Auto,Normal,ON,Off,Off,0,Summer,Summer,37,26,123,High,Low,209,22
2021-05-01,Pune,Marketcity,5,ON,Auto,Normal,ON,Off,Off,1,Summer,Summer,30,22,431,Medium,High,383,51
2021-05-02,Pune,Marketcity,5,ON,Auto,Normal,ON,Off,Off,1,Summer,Summer,42,29,306,High,High,331,81
2021-05-03,Pune,Marketcity,5,ON,Auto,Normal,ON,Off,Off,0,Summer,Summer,43,31,334,High,High,329,72
2021-05-04,Pune,Marketcity,5,ON,Auto,Normal,ON,Off,Off,0,Summer,Summer,38,25,265,High,Medium,275,34
2021-05-05,Pune,Marketcity,5,ON,Auto,Normal,ON,Off,Off,0,Summer,Summer,44,26,217,High,Medium,283,35
2021-05-06,Pune,Marketcity,5,ON,Manual,Normal,ON,Scheduled,Scheduled,0,Summer,Summer,33,23,176,High,Low,204,25
2021-05-07,Pune,Marketcity,5,ON,Manual,Normal,ON,Off,Off,0,Summer,Summer,30,21,197,Medium,Low,207,24
2021-05-08,Pune,Marketcity,5,ON,Auto,Normal,ON,Off,Off,1,Summer,Summer,34,24,416,High,High,359,65
2021-05-09,Pune,Marketcity,5,ON,Manual,Normal,ON,Off,Off,1,Summer,Summer,35,22,496,High,High,320,77
2021-05-10,Pune,Marketcity,5,ON,Manual,Normal,OFF,Off,Off,0,Summer,Summer,42,29,292,High,Medium,278,36
2021-05-11,Pune,Marketcity,5,ON,Manual,Normal,ON,Off,Off,0,Summer,Summer,31,23,267,Medium,Medium,264,29
2021-05-12,Pune,Marketcity,5,ON,Auto,Normal,ON,Scheduled,Scheduled,0,Summer,Summer,42,26,112,High,Low,207,25
2021-05-13,Pune,Marketcity,5,ON,Auto,Normal,ON,Off,Off,0,Summer,Summer,39,25,139,High,Low,200,22
2021-05-14,Pune,Marketcity,5,ON,Auto,Normal,ON,Off,Off,0,Summer,Summer,43,26,278,High,Medium,268,34
2021-05-15,Pune,Marketcity,5,ON,Auto,Trip,ON,Off,Off,1,Summer,Summer,33,26,406,Medium,High,352,51
2021-05-16,Pune,Marketcity,5,ON,Auto,Normal,ON,Scheduled,Scheduled,1,Summer,Summer,40,24,459,High,High,341,80
2021-05-17,Pune,Marketcity,5,ON,Auto,Normal,ON,Off,Off,0,Summer,Summer,38,26,285,High,Medium,290,35
2021-05-18,Pune,Marketcity,5,ON,Auto,Normal,ON,Off,Off,0,Summer,Summer,33,24,131,Medium,Low,206,19
2021-05-19,Pune,Marketcity,5,ON,Auto,Normal,ON,Off,Off,0,Summer,Summer,37,24,126,High,Low,212,25
2021-05-20,Pune,Marketcity,5,ON,Auto,Normal,OFF,Off,Off,0,Summer,Summer,36,22,196,High,Low,227,23
2021-05-21,Pune,Marketcity,5,ON,Auto,Normal,ON,Off,Off,0,Summer,Summer,37,25,284,High,Medium,278,31
2021-05-22,Pune,Marketcity,5,ON,Manual,Normal,ON,Off,Off,1,Summer,Summer,37,22,462,High,High,375,59
2021-05-23,Pune,Marketcity,5,ON,Auto,Normal,OFF,Off,Off,1,Summer,Summer,31,24,308,Medium,High,391,45
2021-05-24,Pune,Marketcity,5,ON,Manual,Normal,ON,Off,Off,0,Summer,Summer,36,24,234,High,Medium,251,38
2021-05-25,Pune,Marketcity,5,ON,Manual,Normal,ON,Off,Off,0,Summer,Summer,40,23,328,High,High,368,86
2021-05-26,Pune,Marketcity,5,ON,Manual,Normal,ON,Off,Off,0,Summer,Summer,37,26,328,High,High,361,60
2021-05-27,Pune,Marketcity,5,ON,Auto,Normal,ON,Off,Off,0,Summer,Summer,37,22,100,High,Low,230,27
2021-05-28,Pune,Marketcity,5,ON,Manual,Normal,ON,Off,Off,0,Summer,Summer,43,29,325,High,High,370,86
2021-05-29,Pune,Marketcity,5,ON,Manual,Normal,ON,Off,Off,1,Summer,Summer,43,27,362,High,High,349,89
2021-05-30,Pune,Marketcity,5,ON,Auto,Normal,ON,Off,Off,1,Summer,Summer,36,24,410,High,High,335,62
2021-05-31,Pune,Marketcity,5,ON,Auto,Normal,ON,Off,Off,0,Summer,Summer,39,25,208,High,Medium,294,34
2021-06-01,Pune,Marketcity,6,ON,Auto,Normal,ON,Off,Off,0,Summer,Summer,36,22,286,High,Medium,270,31
2021-06-02,Pune,Marketcity,6,ON,Auto,Normal,ON,Off,Off,0,Summer,Summer,36,26,120,High,Low,217,28
2021-06-03,Pune,Marketcity,6,ON,Auto,Normal,ON,Scheduled,Scheduled,0,Summer,Summer,37,22,275,High,Medium,289,37
2021-06-04,Pune,Marketcity,6,ON,Auto,Normal,ON,Off,Off,0,Summer,Summer,34,26,310,Medium,High,332,50
2021-06-05,Pune,Marketcity,6,ON,Auto,Normal,ON,Off,Off,1,Summer,Summer,35,23,363,High,High,320,64
2021-06-06,Pune,Marketcity,6,ON,Auto,Trip,ON,Off,Off,1,Summer,Summer,39,25,438,High,High,367,60
2021-06-07,Pune,Marketcity,6,ON,Manual,Normal,ON,Scheduled,Scheduled,0,Summer,Summer,35,22,272,High,Medium,288,32
2021-06-08,Pune,Marketcity,6,ON,Auto,Normal,OFF,Off,Off,0,Summer,Summer,36,22,126,High,Low,210,21
2021-06-09,Pune,Marketcity,6,ON,Auto,Normal,ON,Off,Off,0,Summer,Summer,36,24,307,High,High,373,59
2021-06-10,Pune,Marketcity,6,ON,Auto,Normal,ON,Off,Off,0,Summer,Summer,37,24,227,High,Medium,279,32
2021-06-11,Pune,Marketcity,6,ON,Manual,Normal,ON,Off,Off,0,Summer,Summer,39,24,176,High,Low,223,28
2021-06-12,Pune,Marketcity,6,ON,Auto,Normal,ON,Off,Off,1,Summer,Summer,32,23,456,Medium,High,393,49
2021-06-13,Pune,Marketcity,6,ON,Auto,Normal,ON,Scheduled,Scheduled,1,Summer,Summer,42,26,411,High,High,340,79
2021-06-14,Pune,Marketcity,6,ON,Auto,Normal,ON,Off,Off,0,Summer,Summer,44,28,275,High,Medium,282,36
2021-06-15,Pune,Marketcity,6,ON,Auto,Normal,OFF,Off,Off,0,Summer,Summer,42,28,121,High,Low,206,27
2021-06-16,Pune,Marketcity,6,ON,Auto,Normal,ON,Off,Off,0,Summer,Summer,42,26,299,High,Medium,297,31
2021-06-17,Pune,Marketcity,6,ON,Auto,Normal,ON,Off,Off,0,Summer,Summer,35,22,234,High,Medium,270,37
2021-06-18,Pune,Marketcity,6,ON,Manual,Normal,ON,Off,Off,0,Summer,Summer,31,26,154,Medium,Low,208,16
2021-06-19,Pune,Marketcity,6,ON,Auto,Normal,ON,Off,Off,1,Summer,Summer,38,23,366,High,High,341,71
2021-06-20,Pune,Marketcity,6,ON,Auto,Normal,ON,Scheduled,Scheduled,1,Summer,Summer,37,25,383,High,High,340,85
2021-06-21,Pune,Marketcity,6,ON,Auto,Normal,ON,Off,Off,0,Summer,Summer,35,24,244,High,Medium,297,38
2021-06-22,Pune,Marketcity,6,ON,Manual,Trip,ON,Off,Off,0,Summer,Summer,44,31,266,High,Medium,288,35
2021-06-23,Pune,Marketcity,6,ON,Manual,Normal,ON,Off,Off,0,Summer,Summer,43,28,152,High,Low,236,20
2021-06-24,Pune,Marketcity,6,ON,Manual,Normal,ON,Off,Off,0,Summer,Summer,40,22,304,High,High,392,72
2021-06-25,Pune,Marketcity,6,ON,Manual,Normal,ON,Scheduled,Scheduled,0,Summer,Summer,32,25,228,Medium,Medium,279,28
2021-06-26,Pune,Marketcity,6,ON,Auto,Normal,ON,Off,Off,1,Summer,Summer,38,26,344,High,High,316,84
2021-06-27,Pune,Marketcity,6,ON,Manual,Normal,ON,Off,Off,1,Summer,Summer,39,25,357,High,High,325,79
2021-06-28,Pune,Marketcity,6,ON,Auto,Normal,OFF,Off,Off,0,Summer,Summer,44,30,203,High,Medium,292,30
2021-06-29,Pune,Marketcity,6,ON,Auto,Normal,ON,Off,Off,0,Summer,Summer,34,25,144,Medium,Low,235,20
2021-06-30,Pune,Marketcity,6,ON,Manual,Normal,ON,Off,Off,0,Summer,Summer,42,31,348,High,High,340,71
2021-07-01,Pune,Marketcity,7,ON,Auto,Normal,ON,Off,Off,0,Monsoon,Summer,29,23,109,Medium,Low,235,17
2021-07-02,Pune,Marketcity,7,ON,Auto,Normal,ON,Off,Off,0,Monsoon,Summer,18,18,283,Low,Medium,252,26
2021-07-03,Pune,Marketcity,7,ON,Manual,Normal,ON,Off,Off,1,Monsoon,Summer,21,20,450,Low,High,300,31
2021-07-04,Pune,Marketcity,7,ON,Manual,Normal,ON,Off,Off,1,Monsoon,Summer,17,19,434,Low,High,364,32
2021-07-05,Pune,Marketcity,7,ON,Manual,Normal,ON,Off,Off,0,Monsoon,Summer,22,23,245,Low,Medium,274,21
2021-07-06,Pune,Marketcity,7,ON,Auto,Normal,ON,Off,Off,0,Monsoon,Summer,25,22,104,Low,Low,210,16
2021-07-07,Pune,Marketcity,7,ON,Auto,Normal,ON,Off,Off,0,Monsoon,Summer,16,24,290,Medium,Medium,254,31
2021-07-08,Pune,Marketcity,7,ON,Manual,Normal,ON,Off,Off,0,Monsoon,Summer,28,22,336,Medium,High,302,41
2021-07-09,Pune,Marketcity,7,ON,Manual,Normal,ON,Scheduled,Scheduled,0,Monsoon,Summer,18,21,139,Low,Low,235,17
2021-07-10,Pune,Marketcity,7,ON,Manual,Normal,ON,Scheduled,Scheduled,1,Monsoon,Summer,22,24,392,Low,High,393,36
2021-07-11,Pune,Marketcity,7,ON,Manual,Normal,ON,Off,Off,1,Monsoon,Summer,17,23,412,Medium,High,375,44
2021-07-12,Pune,Marketcity,7,ON,Manual,Normal,ON,Off,Off,0,Monsoon,Summer,29,22,343,Medium,High,382,47
2021-07-13,Pune,Marketcity,7,ON,Auto,Normal,ON,Off,Off,0,Monsoon,Summer,23,22,339,Low,High,313,38
2021-07-14,Pune,Marketcity,7,ON,Auto,Normal,OFF,Off,Off,0,Monsoon,Summer,28,22,160,Medium,Low,222,24
2021-07-15,Pune,Marketcity,7,ON,Auto,Normal,OFF,Off,Off,0,Monsoon,Summer,28,21,258,Medium,Medium,264,33
2021-07-16,Pune,Marketcity,7,ON,Auto,Normal,ON,Off,Off,0,Monsoon,Summer,17,23,246,Medium,Medium,267,27
2021-07-17,Pune,Marketcity,7,ON,Manual,Normal,OFF,Off,Off,1,Monsoon,Summer,25,20,317,Medium,High,325,45
2021-07-18,Pune,Marketcity,7,ON,Manual,Normal,ON,Scheduled,Scheduled,1,Monsoon,Summer,26,22,376,Low,High,368,30
2021-07-19,Pune,Marketcity,7,ON,Auto,Normal,ON,Scheduled,Scheduled,0,Monsoon,Summer,22,24,287,Low,Medium,278,25
2021-07-20,Pune,Marketcity,7,ON,Auto,Normal,ON,Off,Off,0,Monsoon,Summer,24,22,174,Low,Low,223,19
2021-07-21,Pune,Marketcity,7,ON,Auto,Normal,ON,Off,Off,0,Monsoon,Summer,29,23,207,Medium,Medium,297,30
2021-07-22,Pune,Marketcity,7,ON,Auto,Trip,ON,Scheduled,Scheduled,0,Monsoon,Summer,28,22,332,Medium,High,303,44
2021-07-23,Pune,Marketcity,7,ON,Manual,Normal,ON,Off,Off,0,Monsoon,Summer,23,22,261,Low,Medium,292,29
2021-07-24,Pune,Marketcity,7,ON,Auto,Trip,ON,Off,Off,1,Monsoon,Summer,27,20,424,Medium,High,305,40
2021-07-25,Pune,Marketcity,7,ON,Auto,Normal,ON,Scheduled,Scheduled,1,Monsoon,Summer,23,21,316,Low,High,343,30
2021-07-26,Pune,Marketcity,7,ON,Auto,Normal,ON,Off,Off,0,Monsoon,Summer,29,20,190,Medium,Low,240,20
2021-07-27,Pune,Marketcity,7,ON,Auto,Normal,ON,Scheduled,Scheduled,0,Monsoon,Summer,19,21,321,Low,High,309,36
2021-07-28,Pune,Marketcity,7,ON,Auto,Trip,ON,Off,Off,0,Monsoon,Summer,28,24,260,Low,Medium,252,21
2021-07-29,Pune,Marketcity,7,ON,Manual,Normal,ON,Off,Off,0,Monsoon,Summer,29,20,297,Medium,Medium,258,28
2021-07-30,Pune,Marketcity,7,ON,Auto,Normal,ON,Off,Off,0,Monsoon,Summer,27,20,322,Medium,High,345,53
2021-07-31,Pune,Marketcity,7,ON,Manual,Normal,ON,Off,Off,1,Monsoon,Summer,25,20,466,Medium,High,325,51
2021-08-01,Pune,Marketcity,8,ON,Auto,Normal,ON,Off,Off,1,Monsoon,Summer,25,23,347,Low,High,377,31
2021-08-02,Pune,Marketcity,8,ON,Auto,Normal,ON,Off,Off,0,Monsoon,Summer,15,18,221,Low,Medium,272,28
2021-08-03,Pune,Marketcity,8,ON,Auto,Normal,ON,Off,Off,0,Monsoon,Summer,18,22,250,Low,Medium,252,26
2021-08-04,Pune,Marketcity,8,ON,Manual,Normal,ON,Off,Off,0,Monsoon,Summer,18,21,332,Low,High,309,39
2021-08-05,Pune,Marketcity,8,ON,Auto,Normal,ON,Off,Off,0,Monsoon,Summer,19,22,290,Low,Medium,297,24
2021-08-06,Pune,Marketcity,8,ON,Manual,Normal,ON,Off,Off,0,Monsoon,Summer,24,23,255,Low,Medium,285,29
2021-08-07,Pune,Marketcity,8,ON,Manual,Normal,ON,Off,Off,1,Monsoon,Summer,19,19,343,Low,High,377,38
2021-08-08,Pune,Marketcity,8,ON,Auto,Normal,ON,Off,Off,1,Monsoon,Summer,29,20,318,Medium,High,319,46
2021-08-09,Pune,Marketcity,8,ON,Auto,Normal,ON,Off,Off,0,Monsoon,Summer,16,19,171,Low,Low,207,16
2021-08-10,Pune,Marketcity,8,ON,Auto,Normal,ON,Off,Off,0,Monsoon,Summer,25,24,152,Low,Low,203,14
2021-08-11,Pune,Marketcity,8,ON,Auto,Trip,ON,Scheduled,Scheduled,0,Monsoon,Summer,29,21,323,Medium,High,357,42
2021-08-12,Pune,Marketcity,8,ON,Manual,Normal,OFF,Off,Off,0,Monsoon,Summer,21,23,245,Low,Medium,290,28
2021-08-13,Pune,Marketcity,8,ON,Manual,Trip,ON,Scheduled,Scheduled,0,Monsoon,Summer,28,20,252,Medium,Medium,257,26
2021-08-14,Pune,Marketcity,8,ON,Auto,Normal,ON,Off,Off,1,Monsoon,Summer,18,22,334,Low,High,344,31
2021-08-15,Pune,Marketcity,8,ON,Manual,Normal,ON,Scheduled,Scheduled,1,Monsoon,Summer,17,21,486,Low,High,362,32
2021-08-16,Pune,Marketcity,8,ON,Manual,Trip,OFF,Off,Off,0,Monsoon,Summer,20,20,214,Low,Medium,299,25
2021-08-17,Pune,Marketcity,8,ON,Manual,Trip,ON,Off,Off,0,Monsoon,Summer,19,18,335,Low,High,364,37
2021-08-18,Pune,Marketcity,8,ON,Manual,Normal,ON,Scheduled,Scheduled,0,Monsoon,Summer,23,23,147,Low,Low,217,14
2021-08-19,Pune,Marketcity,8,ON,Manual,Normal,ON,Off,Off,0,Monsoon,Summer,26,24,280,Low,Medium,251,26
2021-08-20,Pune,Marketcity,8,ON,Manual,Normal,ON,Scheduled,Scheduled,0,Monsoon,Summer,16,22,237,Medium,Medium,299,29
2021-08-21,Pune,Marketcity,8,ON,Auto,Normal,ON,Off,Off,1,Monsoon,Summer,27,20,341,Medium,High,381,40
2021-08-22,Pune,Marketcity,8,ON,Manual,Normal,ON,Off,Off,1,Monsoon,Summer,15,21,323,Medium,High,335,52
2021-08-23,Pune,Marketcity,8,ON,Manual,Normal,ON,Off,Off,0,Monsoon,Summer,23,20,147,Low,Low,204,19
2021-08-24,Pune,Marketcity,8,ON,Auto,Normal,ON,Scheduled,Scheduled,0,Monsoon,Summer,29,23,172,Medium,Low,243,17
2021-08-25,Pune,Marketcity,8,ON,Manual,Normal,ON,Off,Off,0,Monsoon,Summer,29,22,138,Medium,Low,230,24
2021-08-26,Pune,Marketcity,8,ON,Manual,Normal,ON,Off,Off,0,Monsoon,Summer,20,18,162,Low,Low,242,11
2021-08-27,Pune,Marketcity,8,ON,Auto,Normal,ON,Off,Off,0,Monsoon,Summer,17,21,250,Low,Medium,274,22
2021-08-28,Pune,Marketcity,8,ON,Auto,Normal,ON,Off,Off,1,Monsoon,Summer,24,22,423,Low,High,351,31
2021-08-29,Pune,Marketcity,8,ON,Auto,Normal,ON,Off,Off,1,Monsoon,Summer,19,18,414,Low,High,396,37
2021-08-30,Pune,Marketcity,8,ON,Auto,Normal,ON,Off,Off,0,Monsoon,Summer,23,21,209,Low,Medium,285,26
2021-08-31,Pune,Marketcity,8,ON,Auto,Normal,ON,Off,Off,0,Monsoon,Summer,15,24,257,Medium,Medium,283,31
2021-09-01,Pune,Marketcity,9,ON,Manual,Trip,ON,Scheduled,Scheduled,0,Monsoon,Summer,29,22,205,Medium,Medium,278,31
2021-09-02,Pune,Marketcity,9,ON,Auto,Normal,ON,Off,Off,0,Monsoon,Summer,23,22,188,Low,Low,202,13
2021-09-03,Pune,Marketcity,9,ON,Manual,Normal,ON,Off,Off,0,Monsoon,Summer,28,24,270,Low,Medium,279,28
2021-09-04,Pune,Marketcity,9,ON,Manual,Normal,ON,Off,Off,1,Monsoon,Summer,20,21,347,Low,High,354,33
2021-09-05,Pune,Marketcity,9,ON,Auto,Normal,ON,Off,Off,1,Monsoon,Summer,19,24,445,Medium,High,331,52
2021-09-06,Pune,Marketcity,9,ON,Auto,Normal,OFF,Off,Off,0,Monsoon,Summer,22,21,197,Low,Low,223,14
2021-09-07,Pune,Marketcity,9,ON,Auto,Normal,ON,Off,Off,0,Monsoon,Summer,25,24,134,Low,Low,243,11
2021-09-08,Pune,Marketcity,9,ON,Auto,Normal,ON,Off,Off,0,Monsoon,Summer,28,21,285,Medium,Medium,259,31
2021-09-09,Pune,Marketcity,9,ON,Auto,Trip,ON,Off,Off,0,Monsoon,Summer,29,24,140,Medium,Low,237,18
2021-09-10,Pune,Marketcity,9,ON,Auto,Normal,ON,Off,Off,0,Monsoon,Summer,15,19,179,Low,Low,205,18
2021-09-11,Pune,Marketcity,9,ON,Auto,Normal,ON,Off,Off,1,Monsoon,Summer,22,20,460,Low,High,320,37
2021-09-12,Pune,Marketcity,9,ON,Manual,Trip,ON,Scheduled,Scheduled,1,Monsoon,Summer,22,24,386,Low,High,378,37
2021-09-13,Pune,Marketcity,9,ON,Auto,Normal,ON,Off,Off,0,Monsoon,Summer,15,21,318,Medium,High,367,48
2021-09-14,Pune,Marketcity,9,ON,Auto,Normal,ON,Off,Off,0,Monsoon,Summer,26,23,106,Low,Low,219,11
2021-09-15,Pune,Marketcity,9,ON,Manual,Normal,ON,Off,Off,0,Monsoon,Summer,23,22,307,Low,High,362,33
2021-09-16,Pune,Marketcity,9,ON,Manual,Trip,ON,Off,Off,0,Monsoon,Summer,28,21,243,Medium,Medium,261,25
2021-09-17,Pune,Marketcity,9,ON,Manual,Normal,ON,Scheduled,Scheduled,0,Monsoon,Summer,16,20,189,Low,Low,222,16
2021-09-18,Pune,Marketcity,9,ON,Auto,Normal,ON,Off,Off,1,Monsoon,Summer,19,22,408,Low,High,371,34
2021-09-19,Pune,Marketcity,9,ON,Auto,Normal,ON,Off,Off,1,Monsoon,Summer,19,19,444,Low,High,347,35
2021-09-20,Pune,Marketcity,9,ON,Manual,Trip,ON,Scheduled,Scheduled,0,Monsoon,Summer,16,23,276,Medium,Medium,255,34
2021-09-21,Pune,Marketcity,9,ON,Manual,Normal,ON,Off,Off,0,Monsoon,Summer,25,21,336,Low,High,317,34
2021-09-22,Pune,Marketcity,9,ON,Auto,Normal,ON,Scheduled,Scheduled,0,Monsoon,Summer,22,20,172,Low,Low,230,12
2021-09-23,Pune,Marketcity,9,ON,Auto,Normal,ON,Scheduled,Scheduled,0,Monsoon,Summer,24,23,242,Low,Medium,288,21
2021-09-24,Pune,Marketcity,9,ON,Manual,Normal,ON,Off,Off,0,Monsoon,Summer,17,22,265,Medium,Medium,267,26
2021-09-25,Pune,Marketcity,9,ON,Manual,Normal,ON,Scheduled,Scheduled,1,Monsoon,Summer,29,20,400,Medium,High,313,40
2021-09-26,Pune,Marketcity,9,ON,Auto,Normal,ON,Off,Off,1,Monsoon,Summer,24,22,340,Low,High,369,39
2021-09-27,Pune,Marketcity,9,ON,Auto,Trip,ON,Off,Off,0,Monsoon,Summer,22,24,179,Low,Low,216,12
2021-09-28,Pune,Marketcity,9,ON,Manual,Normal,ON,Off,Off,0,Monsoon,Summer,18,22,120,Low,Low,213,13
2021-09-29,Pune,Marketcity,9,ON,Auto,Normal,ON,Off,Off,0,Monsoon,Summer,21,21,279,Low,Medium,272,23
2021-09-30,Pune,Marketcity,9,ON,Auto,Normal,ON,Off,Off,0,Monsoon,Summer,21,21,274,Low,Medium,276,25
2021-10-01,Pune,Marketcity,10,ON,Auto,Normal,OFF,Off,Off,0,Winter,Summer,17,24,347,Medium,High,306,49
2021-10-02,Pune,Marketcity,10,ON,Auto,Normal,ON,Off,Off,1,Winter,Summer,28,22,432,Medium,High,300,45
2021-10-03,Pune,Marketcity,10,ON,Auto,Normal,ON,Off,Off,1,Winter,Summer,27,20,431,Medium,High,324,48
2021-10-04,Pune,Marketcity,10,ON,Auto,Trip,ON,Scheduled,Scheduled,0,Winter,Summer,17,18,348,Low,High,364,35
2021-10-05,Pune,Marketcity,10,ON,Manual,Normal,ON,Scheduled,Scheduled,0,Winter,Summer,26,22,224,Low,Medium,282,27
2021-10-06,Pune,Marketcity,10,ON,Manual,Normal,ON,Off,Off,0,Winter,Summer,18,22,127,Low,Low,230,11
2021-10-07,Pune,Marketcity,10,ON,Auto,Normal,OFF,Off,Off,0,Winter,Summer,23,21,314,Low,High,353,32
2021-10-08,Pune,Marketcity,10,ON,Auto,Normal,ON,Off,Off,0,Winter,Summer,20,18,252,Low,Medium,267,23
2021-10-09,Pune,Marketcity,10,ON,Manual,Normal,ON,Scheduled,Scheduled,1,Winter,Summer,15,19,493,Low,High,347,38
2021-10-10,Pune,Marketcity,10,ON,Manual,Normal,ON,Scheduled,Scheduled,1,Winter,Summer,19,24,450,Medium,High,366,41
2021-10-11,Pune,Marketcity,10,ON,Manual,Normal,ON,Scheduled,Scheduled,0,Winter,Summer,24,22,216,Low,Medium,275,23
2021-10-12,Pune,Marketcity,10,ON,Auto,Normal,ON,Off,Off,0,Winter,Summer,16,19,324,Low,High,371,38
2021-10-13,Pune,Marketcity,10,ON,Auto,Normal,ON,Off,Off,0,Winter,Summer,27,23,292,Low,Medium,294,28
2021-10-14,Pune,Marketcity,10,ON,Auto,Normal,ON,Scheduled,Scheduled,0,Winter,Summer,28,22,322,Medium,High,314,52
2021-10-15,Pune,Marketcity,10,ON,Auto,Normal,ON,Off,Off,0,Winter,Summer,23,22,216,Low,Medium,273,29
2021-10-16,Pune,Marketcity,10,ON,Manual,Normal,ON,Off,Off,1,Winter,Summer,23,23,310,Low,High,383,37
2021-10-17,Pune,Marketcity,10,ON,Auto,Normal,ON,Off,Off,1,Winter,Summer,22,22,373,Low,High,377,31
2021-10-18,Pune,Marketcity,10,ON,Manual,Normal,ON,Scheduled,Scheduled,0,Winter,Summer,15,22,124,Medium,Low,213,18
2021-10-19,Pune,Marketcity,10,ON,Manual,Normal,ON,Off,Off,0,Winter,Summer,22,23,165,Low,Low,207,18
2021-10-20,Pune,Marketcity,10,ON,Auto,Trip,ON,Scheduled,Scheduled,0,Winter,Summer,20,19,177,Low,Low,229,15
2021-10-21,Pune,Marketcity,10,ON,Auto,Normal,ON,Off,Off,0,Winter,Summer,18,23,337,Medium,High,339,47
2021-10-22,Pune,Marketcity,10,ON,Auto,Normal,ON,Scheduled,Scheduled,0,Winter,Summer,27,20,162,Medium,Low,207,23
2021-10-23,Pune,Marketcity,10,ON,Manual,Normal,ON,Scheduled,Scheduled,1,Winter,Summer,19,19,382,Low,High,396,37
2021-10-24,Pune,Marketcity,10,ON,Manual,Trip,ON,Off,Off,1,Winter,Summer,20,22,311,Low,High,351,31
2021-10-25,Pune,Marketcity,10,ON,Manual,Normal,ON,Off,Off,0,Winter,Summer,22,22,287,Low,Medium,267,29
2021-10-26,Pune,Marketcity,10,ON,Auto,Normal,ON,Off,Off,0,Winter,Summer,25,21,258,Low,Medium,289,25
2021-10-27,Pune,Marketcity,10,ON,Auto,Normal,ON,Off,Off,0,Winter,Summer,15,18,139,Low,Low,230,17
2021-10-28,Pune,Marketcity,10,ON,Auto,Normal,OFF,Off,Off,0,Winter,Summer,27,24,239,Low,Medium,257,20
2021-10-29,Pune,Marketcity,10,ON,Auto,Normal,ON,Off,Off,0,Winter,Summer,26,22,232,Low,Medium,263,27
2021-10-30,Pune,Marketcity,10,ON,Manual,Normal,ON,Scheduled,Scheduled,1,Winter,Summer,21,23,346,Low,High,350,36
2021-10-31,Pune,Marketcity,10,ON,Auto,Normal,ON,Off,Off,1,Winter,Summer,19,22,328,Low,High,373,34
2021-11-01,Pune,Marketcity,11,ON,Manual,Normal,ON,Off,Off,0,Winter,Summer,19,18,193,Low,Low,210,13
2021-11-02,Pune,Marketcity,11,ON,Auto,Normal,ON,Scheduled,Scheduled,0,Winter,Summer,17,22,244,Medium,Medium,273,26
2021-11-03,Pune,Marketcity,11,ON,Auto,Normal,OFF,Off,Off,0,Winter,Summer,24,22,263,Low,Medium,268,29
2021-11-04,Pune,Marketcity,11,ON,Auto,Normal,OFF,Off,Off,0,Winter,Summer,29,22,179,Medium,Low,222,16
2021-11-05,Pune,Marketcity,11,ON,Auto,Normal,ON,Scheduled,Scheduled,0,Winter,Summer,22,24,334,Low,High,361,31
2021-11-06,Pune,Marketcity,11,ON,Auto,Trip,ON,Scheduled,Scheduled,1,Winter,Summer,16,18,367,Low,High,361,38
2021-11-07,Pune,Marketcity,11,ON,Auto,Normal,ON,Scheduled,Scheduled,1,Winter,Summer,19,21,331,Low,High,365,34
2021-11-08,Pune,Marketcity,11,ON,Auto,Normal,ON,Off,Off,0,Winter,Summer,18,18,174,Low,Low,230,16
2021-11-09,Pune,Marketcity,11,ON,Auto,Normal,ON,Off,Off,0,Winter,Summer,27,21,297,Medium,Medium,261,29
2021-11-10,Pune,Marketcity,11,ON,Auto,Normal,ON,Off,Off,0,Winter,Summer,15,20,322,Medium,High,381,52
2021-11-11,Pune,Marketcity,11,ON,Auto,Normal,ON,Off,Off,0,Winter,Summer,16,19,228,Low,Medium,262,27
2021-11-12,Pune,Marketcity,11,ON,Manual,Trip,ON,Off,Off,0,Winter,Summer,26,21,233,Medium,Medium,256,28
2021-11-13,Pune,Marketcity,11,ON,Auto,Normal,ON,Off,Off,1,Winter,Summer,20,18,462,Low,High,346,37
2021-11-14,Pune,Marketcity,11,ON,Manual,Normal,ON,Off,Off,1,Winter,Summer,22,20,356,Low,High,372,38
2021-11-15,Pune,Marketcity,11,ON,Auto,Normal,ON,Off,Off,0,Winter,Summer,27,21,265,Medium,Medium,256,25
2021-11-16,Pune,Marketcity,11,ON,Auto,Normal,ON,Off,Off,0,Winter,Summer,24,23,147,Low,Low,232,12
2021-11-17,Pune,Marketcity,11,ON,Manual,Normal,ON,Off,Off,0,Winter,Summer,28,22,333,Medium,High,359,54
2021-11-18,Pune,Marketcity,11,ON,Auto,Trip,ON,Off,Off,0,Winter,Summer,20,18,157,Low,Low,248,19
2021-11-19,Pune,Marketcity,11,ON,Auto,Normal,ON,Off,Off,0,Winter,Summer,23,20,315,Low,High,380,33
2021-11-20,Pune,Marketcity,11,ON,Auto,Normal,ON,Off,Off,1,Winter,Summer,28,23,449,Medium,High,380,47
2021-11-21,Pune,Marketcity,11,ON,Manual,Normal,ON,Scheduled,Scheduled,1,Winter,Summer,24,21,480,Low,High,373,30
2021-11-22,Pune,Marketcity,11,ON,Auto,Normal,ON,Off,Off,0,Winter,Summer,18,20,234,Low,Medium,258,25
2021-11-23,Pune,Marketcity,11,ON,Manual,Trip,ON,Off,Off,0,Winter,Summer,17,21,203,Low,Medium,259,24
2021-11-24,Pune,Marketcity,11,ON,Manual,Normal,ON,Off,Off,0,Winter,Summer,22,21,311,Low,High,334,35
2021-11-25,Pune,Marketcity,11,ON,Auto,Normal,OFF,Off,Off,0,Winter,Summer,22,24,229,Low,Medium,286,25
2021-11-26,Pune,Marketcity,11,ON,Auto,Normal,ON,Off,Off,0,Winter,Summer,21,24,290,Low,Medium,255,20
2021-11-27,Pune,Marketcity,11,ON,Manual,Normal,ON,Off,Off,1,Winter,Summer,28,20,358,Medium,High,397,50
2021-11-28,Pune,Marketcity,11,ON,Manual,Normal,ON,Scheduled,Scheduled,1,Winter,Summer,17,22,353,Medium,High,371,50
2021-11-29,Pune,Marketcity,11,ON,Auto,Normal,OFF,Off,Off,0,Winter,Summer,29,23,306,Medium,High,392,52
2021-11-30,Pune,Marketcity,11,ON,Auto,Normal,ON,Off,Off,0,Winter,Summer,15,24,105,Medium,Low,224,21
2021-12-01,Pune,Marketcity,12,ON,Auto,Normal,ON,Scheduled,Scheduled,0,Winter,Summer,16,23,138,Medium,Low,211,16
2021-12-02,Pune,Marketcity,12,ON,Auto,Normal,OFF,Off,Off,0,Winter,Summer,29,23,341,Medium,High,386,49
2021-12-03,Pune,Marketcity,12,ON,Auto,Normal,ON,Scheduled,Scheduled,0,Winter,Summer,15,22,186,Medium,Low,244,21
2021-12-04,Pune,Marketcity,12,ON,Manual,Normal,ON,Off,Off,1,Winter,Summer,15,22,347,Medium,High,307,41
2021-12-05,Pune,Marketcity,12,ON,Manual,Normal,ON,Off,Off,1,Winter,Summer,23,21,465,Low,High,301,34
2021-12-06,Pune,Marketcity,12,ON,Auto,Normal,ON,Off,Off,0,Winter,Summer,16,22,225,Medium,Medium,288,33
2021-12-07,Pune,Marketcity,12,ON,Manual,Normal,ON,Off,Off,0,Winter,Summer,26,20,280,Medium,Medium,281,34
2021-12-08,Pune,Marketcity,12,ON,Auto,Normal,ON,Scheduled,Scheduled,0,Winter,Summer,19,19,170,Low,Low,227,12
2021-12-09,Pune,Marketcity,12,ON,Manual,Normal,ON,Scheduled,Scheduled,0,Winter,Summer,26,23,209,Low,Medium,284,27
2021-12-10,Pune,Marketcity,12,ON,Auto,Normal,ON,Off,Off,0,Winter,Summer,20,19,279,Low,Medium,271,29
2021-12-11,Pune,Marketcity,12,ON,Auto,Normal,ON,Off,Off,1,Winter,Summer,16,19,364,Low,High,364,36
2021-12-12,Pune,Marketcity,12,ON,Manual,Normal,ON,Off,Off,1,Winter,Summer,22,23,377,Low,High,326,37
2021-12-13,Pune,Marketcity,12,ON,Manual,Normal,ON,Scheduled,Scheduled,0,Winter,Summer,18,24,219,Medium,Medium,260,30
2021-12-14,Pune,Marketcity,12,ON,Auto,Normal,ON,Off,Off,0,Winter,Summer,24,20,325,Low,High,345,35
2021-12-15,Pune,Marketcity,12,ON,Manual,Normal,ON,Off,Off,0,Winter,Summer,19,20,321,Low,High,380,31
2021-12-16,Pune,Marketcity,12,ON,Auto,Normal,ON,Off,Off,0,Winter,Summer,23,23,175,Low,Low,210,13
2021-12-17,Pune,Marketcity,12,ON,Auto,Normal,ON,Off,Off,0,Winter,Summer,27,21,238,Medium,Medium,266,27
2021-12-18,Pune,Marketcity,12,ON,Auto,Normal,ON,Off,Off,1,Winter,Summer,26,23,303,Low,High,322,31
2021-12-19,Pune,Marketcity,12,ON,Auto,Normal,OFF,Off,Off,1,Winter,Summer,16,21,391,Medium,High,341,41
2021-12-20,Pune,Marketcity,12,ON,Auto,Normal,OFF,Off,Off,0,Winter,Summer,26,20,184,Medium,Low,231,23
2021-12-21,Pune,Marketcity,12,ON,Manual,Normal,ON,Off,Off,0,Winter,Summer,17,23,120,Medium,Low,207,19
2021-12-22,Pune,Marketcity,12,ON,Manual,Trip,ON,Off,Off,0,Winter,Summer,24,20,275,Low,Medium,293,24
2021-12-23,Pune,Marketcity,12,ON,Manual,Normal,ON,Off,Off,0,Winter,Summer,18,20,233,Low,Medium,275,22
2021-12-24,Pune,Marketcity,12,ON,Manual,Normal,ON,Off,Off,0,Winter,Summer,18,18,299,Low,Medium,299,27
2021-12-25,Pune,Marketcity,12,ON,Auto,Normal,ON,Off,Off,1,Winter,Summer,23,21,483,Low,High,330,34
2021-12-26,Pune,Marketcity,12,ON,Auto,Normal,ON,Off,Off,1,Winter,Summer,20,24,490,Low,High,370,38
2021-12-27,Pune,Marketcity,12,ON,Manual,Normal,ON,Off,Off,0,Winter,Summer,17,20,226,Low,Medium,284,29
2021-12-28,Pune,Marketcity,12,ON,Manual,Normal,ON,Scheduled,Scheduled,0,Winter,Summer,16,22,194,Medium,Low,227,17
2021-12-29,Pune,Marketcity,12,ON,Auto,Normal,ON,Off,Off,0,Winter,Summer,16,19,197,Low,Low,224,13
2021-12-30,Pune,Marketcity,12,ON,Auto,Normal,OFF,Off,Off,0,Winter,Summer,24,20,294,Low,Medium,292,27
2021-12-31,Pune,Marketcity,12,ON,Auto,Normal,ON,Off,Off,0,Winter,Summer,29,21,173,Medium,Low,249,22
2022-01-01,Pune,Marketcity,1,ON,Auto,Trip,ON,Off,Off,1,Winter,Summer,26,24,354,Low,High,389,36
2022-01-02,Pune,Marketcity,1,ON,Auto,Normal,ON,Off,Off,1,Winter,Summer,17,20,494,Low,High,311,37
2022-01-03,Pune,Marketcity,1,ON,Auto,Normal,ON,Off,Off,0,Winter,Summer,21,22,269,Low,Medium,283,22
2022-01-04,Pune,Marketcity,1,ON,Auto,Normal,ON,Off,Off,0,Winter,Summer,23,24,347,Low,High,385,34
2022-01-05,Pune,Marketcity,1,ON,Auto,Normal,ON,Off,Off,0,Winter,Summer,19,19,130,Low,Low,204,17
2022-01-06,Pune,Marketcity,1,ON,Auto,Normal,ON,Off,Off,0,Winter,Summer,27,21,284,Medium,Medium,268,25
2022-01-07,Pune,Marketcity,1,ON,Manual,Normal,ON,Off,Off,0,Winter,Summer,29,23,267,Medium,Medium,254,34
2022-01-08,Pune,Marketcity,1,ON,Manual,Trip,ON,Off,Off,1,Winter,Summer,27,22,393,Medium,High,367,44
2022-01-09,Pune,Marketcity,1,ON,Manual,Normal,OFF,Off,Off,1,Winter,Summer,23,24,313,Low,High,346,36
2022-01-10,Pune,Marketcity,1,ON,Manual,Normal,ON,Off,Off,0,Winter,Summer,23,22,341,Low,High,396,33
2022-01-11,Pune,Marketcity,1,ON,Manual,Normal,ON,Off,Off,0,Winter,Summer,23,21,214,Low,Medium,268,24
2022-01-12,Pune,Marketcity,1,ON,Manual,Normal,ON,Off,Off,0,Winter,Summer,25,23,262,Low,Medium,269,27
2022-01-13,Pune,Marketcity,1,ON,Manual,Normal,ON,Off,Off,0,Winter,Summer,17,19,117,Low,Low,239,17
2022-01-14,Pune,Marketcity,1,ON,Manual,Normal,ON,Off,Off,0,Winter,Summer,26,20,248,Medium,Medium,255,30
2022-01-15,Pune,Marketcity,1,ON,Auto,Trip,ON,Off,Off,1,Winter,Summer,24,22,403,Low,High,327,35
2022-01-16,Pune,Marketcity,1,ON,Auto,Normal,ON,Off,Off,1,Winter,Summer,15,20,321,Medium,High,361,48
2022-01-17,Pune,Marketcity,1,ON,Auto,Normal,ON,Off,Off,0,Winter,Summer,18,20,227,Low,Medium,284,28
2022-01-18,Pune,Marketcity,1,ON,Manual,Normal,ON,Off,Off,0,Winter,Summer,24,24,294,Low,Medium,298,21
2022-01-19,Pune,Marketcity,1,ON,Auto,Normal,ON,Scheduled,Scheduled,0,Winter,Summer,19,21,214,Low,Medium,299,24
2022-01-20,Pune,Marketcity,1,ON,Auto,Normal,ON,Off,Off,0,Winter,Summer,28,21,257,Medium,Medium,277,29
2022-01-21,Pune,Marketcity,1,ON,Auto,Trip,ON,Off,Off,0,Winter,Summer,21,22,289,Low,Medium,259,27
2022-01-22,Pune,Marketcity,1,ON,Auto,Normal,ON,Off,Off,1,Winter,Summer,24,24,364,Low,High,350,39
2022-01-23,Pune,Marketcity,1,ON,Manual,Normal,ON,Off,Off,1,Winter,Summer,23,23,355,Low,High,378,39
2022-01-24,Pune,Marketcity,1,ON,Auto,Trip,ON,Off,Off,0,Winter,Summer,17,23,304,Medium,High,395,40
2022-01-25,Pune,Marketcity,1,ON,Auto,Normal,ON,Off,Off,0,Winter,Summer,29,24,252,Medium,Medium,296,26
2022-01-26,Pune,Marketcity,1,ON,Manual,Normal,ON,Scheduled,Scheduled,0,Winter,Summer,25,20,290,Medium,Medium,265,31
2022-01-27,Pune,Marketcity,1,ON,Auto,Normal,OFF,Off,Off,0,Winter,Summer,20,18,105,Low,Low,212,11
2022-01-28,Pune,Marketcity,1,ON,Auto,Normal,ON,Off,Off,0,Winter,Summer,28,24,135,Low,Low,231,10
2022-01-29,Pune,Marketcity,1,ON,Auto,Normal,OFF,Off,Off,1,Winter,Summer,22,23,368,Low,High,319,38
2022-01-30,Pune,Marketcity,1,ON,Manual,Normal,ON,Off,Off,1,Winter,Summer,25,23,312,Low,High,388,30
2022-01-31,Pune,Marketcity,1,ON,Manual,Normal,ON,Off,Off,0,Winter,Summer,24,20,125,Low,Low,235,19
2022-02-01,Pune,Marketcity,2,ON,Auto,Normal,ON,Off,Off,0,Winter,Summer,25,21,181,Low,Low,249,11
2022-02-02,Pune,Marketcity,2,ON,Auto,Normal,ON,Off,Off,0,Winter,Summer,15,19,208,Low,Medium,252,20
2022-02-03,Pune,Marketcity,2,ON,Auto,Normal,ON,Off,Off,0,Winter,Summer,24,21,302,Low,High,355,37
2022-02-04,Pune,Marketcity,2,ON,Auto,Normal,ON,Off,Off,0,Winter,Summer,24,21,181,Low,Low,217,10
2022-02-05,Pune,Marketcity,2,ON,Auto,Normal,OFF,Off,Off,1,Winter,Summer,20,19,435,Low,High,324,33
2022-02-06,Pune,Marketcity,2,ON,Auto,Normal,OFF,Off,Off,1,Winter,Summer,28,20,412,Medium,High,345,48
2022-02-07,Pune,Marketcity,2,ON,Auto,Trip,ON,Off,Off,0,Winter,Summer,20,21,342,Low,High,379,30
2022-02-08,Pune,Marketcity,2,ON,Auto,Normal,ON,Off,Off,0,Winter,Summer,17,22,261,Medium,Medium,256,27
2022-02-09,Pune,Marketcity,2,ON,Auto,Normal,ON,Off,Off,0,Winter,Summer,19,21,166,Low,Low,242,19
2022-02-10,Pune,Marketcity,2,ON,Manual,Trip,ON,Scheduled,Scheduled,0,Winter,Summer,28,24,121,Low,Low,245,14
2022-02-11,Pune,Marketcity,2,ON,Auto,Normal,ON,Off,Off,0,Winter,Summer,18,24,108,Medium,Low,243,20
2022-02-12,Pune,Marketcity,2,ON,Auto,Normal,ON,Off,Off,1,Winter,Summer,29,23,467,Medium,High,315,51
2022-02-13,Pune,Marketcity,2,ON,Auto,Normal,ON,Off,Off,1,Winter,Summer,29,21,300,Medium,Medium,269,31
2022-02-14,Pune,Marketcity,2,ON,Manual,Normal,OFF,Off,Off,0,Winter,Summer,15,21,269,Medium,Medium,263,25
2022-02-15,Pune,Marketcity,2,ON,Auto,Normal,OFF,Off,Off,0,Winter,Summer,21,20,328,Low,High,384,33
2022-02-16,Pune,Marketcity,2,ON,Auto,Normal,ON,Off,Off,0,Winter,Summer,24,22,115,Low,Low,248,13
2022-02-17,Pune,Marketcity,2,ON,Manual,Normal,ON,Off,Off,0,Winter,Summer,17,23,138,Medium,Low,206,17
2022-02-18,Pune,Marketcity,2,ON,Auto,Normal,ON,Off,Off,0,Winter,Summer,17,23,223,Medium,Medium,285,28
2022-02-19,Pune,Marketcity,2,ON,Auto,Normal,ON,Off,Off,1,Winter,Summer,20,19,424,Low,High,325,34
2022-02-20,Pune,Marketcity,2,ON,Auto,Trip,ON,Scheduled,Scheduled,1,Winter,Summer,29,20,327,Medium,High,382,50
2022-02-21,Pune,Marketcity,2,ON,Auto,Normal,ON,Off,Off,0,Winter,Summer,23,24,219,Low,Medium,271,28
2022-02-22,Pune,Marketcity,2,ON,Auto,Normal,ON,Off,Off,0,Winter,Summer,19,20,113,Low,Low,243,19
2022-02-23,Pune,Marketcity,2,ON,Auto,Normal,ON,Scheduled,Scheduled,0,Winter,Summer,23,23,308,Low,High,398,39
2022-02-24,Pune,Marketcity,2,ON,Auto,Normal,ON,Off,Off,0,Winter,Summer,24,20,290,Low,Medium,287,28
2022-02-25,Pune,Marketcity,2,ON,Auto,Normal,ON,Off,Off,0,Winter,Summer,19,23,175,Low,Low,229,12
2022-02-26,Pune,Marketcity,2,ON,Auto,Normal,ON,Scheduled,Scheduled,1,Winter,Summer,21,20,381,Low,High,322,33
2022-02-27,Pune,Marketcity,2,ON,Auto,Normal,ON,Off,Off,1,Winter,Summer,18,22,486,Low,High,393,38
2022-02-28,Pune,Marketcity,2,ON,Auto,Normal,ON,Off,Off,0,Winter,Summer,29,20,185,Medium,Low,205,23
2022-03-01,Pune,Marketcity,3,ON,Auto,Normal,ON,Off,Off,0,Summer,Summer,42,28,195,High,Low,202,24
2022-03-02,Pune,Marketcity,3,ON,Manual,Normal,ON,Scheduled,Scheduled,0,Summer,Summer,44,29,186,High,Low,232,28
2022-03-03,Pune,Marketcity,3,ON,Auto,Normal,ON,Off,Off,0,Summer,Summer,31,26,334,Medium,High,357,47
2022-03-04,Pune,Marketcity,3,ON,Manual,Normal,ON,Scheduled,Scheduled,0,Summer,Summer,36,25,189,High,Low,225,20
2022-03-05,Pune,Marketcity,3,ON,Auto,Normal,OFF,Off,Off,1,Summer,Summer,41,27,399,High,High,305,84
2022-03-06,Pune,Marketcity,3,ON,Manual,Normal,ON,Scheduled,Scheduled,1,Summer,Summer,39,25,466,High,High,328,67
2022-03-07,Pune,Marketcity,3,ON,Auto,Normal,ON,Scheduled,Scheduled,0,Summer,Summer,40,22,293,High,Medium,285,38
2022-03-08,Pune,Marketcity,3,ON,Auto,Normal,ON,Off,Off,0,Summer,Summer,41,25,195,High,Low,221,23
2022-03-09,Pune,Marketcity,3,ON,Manual,Normal,ON,Off,Off,0,Summer,Summer,35,24,325,High,High,348,65
2022-03-10,Pune,Marketcity,3,ON,Auto,Normal,ON,Scheduled,Scheduled,0,Summer,Summer,33,24,241,Medium,Medium,280,30
2022-03-11,Pune,Marketcity,3,ON,Auto,Normal,OFF,Off,Off,0,Summer,Summer,39,25,332,High,High,313,63
2022-03-12,Pune,Marketcity,3,ON,Manual,Normal,ON,Scheduled,Scheduled,1,Summer,Summer,39,26,412,High,High,357,79
2022-03-13,Pune,Marketcity,3,ON,Auto,Normal,ON,Off,Off,1,Summer,Summer,43,25,409,High,High,330,55
2022-03-14,Pune,Marketcity,3,ON,Manual,Normal,ON,Off,Off,0,Summer,Summer,43,28,242,High,Medium,286,33
2022-03-15,Pune,Marketcity,3,ON,Auto,Normal,ON,Scheduled,Scheduled,0,Summer,Summer,40,25,279,High,Medium,273,32
2022-03-16,Pune,Marketcity,3,ON,Auto,Normal,ON,Off,Off,0,Summer,Summer,42,28,347,High,High,392,87
2022-03-17,Pune,Marketcity,3,ON,Manual,Normal,ON,Scheduled,Scheduled,0,Summer,Summer,44,29,208,High,Medium,287,38
2022-03-18,Pune,Marketcity,3,ON,Auto,Normal,ON,Off,Off,0,Summer,Summer,31,26,156,Medium,Low,208,15
2022-03-19,Pune,Marketcity,3,ON,Auto,Normal,ON,Off,Off,1,Summer,Summer,44,26,403,High,High,320,57
2022-03-20,Pune,Marketcity,3,ON,Auto,Normal,ON,Off,Off,1,Summer,Summer,40,22,341,High,High,327,66
2022-03-21,Pune,Marketcity,3,ON,Auto,Normal,ON,Scheduled,Scheduled,0,Summer,Summer,35,22,328,High,High,303,68
2022-03-22,Pune,Marketcity,3,ON,Manual,Normal,ON,Scheduled,Scheduled,0,Summer,Summer,35,24,269,High,Medium,285,37
2022-03-23,Pune,Marketcity,3,ON,Auto,Normal,ON,Scheduled,Scheduled,0,Summer,Summer,31,26,191,Medium,Low,223,17
2022-03-24,Pune,Marketcity,3,ON,Auto,Normal,ON,Scheduled,Scheduled,0,Summer,Summer,34,25,229,Medium,Medium,255,26
2022-03-25,Pune,Marketcity,3,ON,Auto,Normal,ON,Off,Off,0,Summer,Summer,33,24,274,Medium,Medium,283,33
2022-03-26,Pune,Marketcity,3,ON,Auto,Normal,ON,Off,Off,1,Summer,Summer,41,27,331,High,High,344,89
2022-03-27,Pune,Marketcity,3,ON,Auto,Normal,ON,Off,Off,1,Summer,Summer,38,22,380,High,High,327,62
2022-03-28,Pune,Marketcity,3,ON,Manual,Normal,ON,Off,Off,0,Summer,Summer,42,25,208,High,Medium,284,31
2022-03-29,Pune,Marketcity,3,ON,Manual,Normal,ON,Off,Off,0,Summer,Summer,37,24,218,High,Medium,287,34
2022-03-30,Pune,Marketcity,3,ON,Auto,Normal,ON,Scheduled,Scheduled,0,Summer,Summer,35,26,197,Medium,Low,216,21
2022-03-31,Pune,Marketcity,3,ON,Auto,Trip,OFF,Off,Off,0,Summer,Summer,41,27,332,High,High,375,64
2022-04-01,Pune,Marketcity,4,ON,Auto,Normal,ON,Off,Off,0,Summer,Summer,43,30,178,High,Low,213,25
2022-04-02,Pune,Marketcity,4,ON,Manual,Normal,ON,Off,Off,1,Summer,Summer,38,26,381,High,High,305,55
2022-04-03,Pune,Marketcity,4,ON,Auto,Trip,OFF,Off,Off,1,Summer,Summer,31,23,346,Medium,High,311,44
2022-04-04,Pune,Marketcity,4,ON,Manual,Normal,ON,Off,Off,0,Summer,Summer,30,24,303,Medium,High,373,47
2022-04-05,Pune,Marketcity,4,ON,Auto,Normal,OFF,Off,Off,0,Summer,Summer,35,24,189,High,Low,200,20
2022-04-06,Pune,Marketcity,4,ON,Manual,Normal,ON,Off,Off,0,Summer,Summer,40,22,227,High,Medium,267,35
2022-04-07,Pune,Marketcity,4,ON,Manual,Normal,OFF,Off,Off,0,Summer,Summer,36,23,203,High,Medium,261,32
2022-04-08,Pune,Marketcity,4,ON,Auto,Trip,ON,Off,Off,0,Summer,Summer,36,25,288,High,Medium,280,36
2022-04-09,Pune,Marketcity,4,ON,Auto,Normal,ON,Off,Off,1,Summer,Summer,36,22,366,High,High,344,87
2022-04-10,Pune,Marketcity,4,ON,Auto,Normal,OFF,Off,Off,1,Summer,Summer,43,31,468,High,High,333,60
2022-04-11,Pune,Marketcity,4,ON,Auto,Normal,ON,Scheduled,Scheduled,0,Summer,Summer,38,22,221,High,Medium,287,35
2022-04-12,Pune,Marketcity,4,ON,Manual,Normal,ON,Off,Off,0,Summer,Summer,40,24,212,High,Medium,265,35
2022-04-13,Pune,Marketcity,4,ON,Auto,Normal,ON,Off,Off,0,Summer,Summer,32,22,157,High,Low,213,23
2022-04-14,Pune,Marketcity,4,ON,Auto,Normal,OFF,Off,Off,0,Summer,Summer,41,31,204,High,Medium,292,31
2022-04-15,Pune,Marketcity,4,ON,Auto,Normal,ON,Off,Off,0,Summer,Summer,34,24,316,High,High,382,60
2022-04-16,Pune,Marketcity,4,ON,Auto,Trip,ON,Off,Off,1,Summer,Summer,32,26,352,Medium,High,353,45
2022-04-17,Pune,Marketcity,4,ON,Auto,Normal,ON,Scheduled,Scheduled,1,Summer,Summer,39,25,425,High,High,358,55
2022-04-18,Pune,Marketcity,4,ON,Auto,Normal,OFF,Off,Off,0,Summer,Summer,42,27,215,High,Medium,277,33
2022-04-19,Pune,Marketcity,4,ON,Auto,Normal,ON,Scheduled,Scheduled,0,Summer,Summer,44,25,104,High,Low,228,20
2022-04-20,Pune,Marketcity,4,ON,Manual,Normal,ON,Off,Off,0,Summer,Summer,39,22,123,High,Low,218,27
2022-04-21,Pune,Marketcity,4,ON,Auto,Normal,ON,Off,Off,0,Summer,Summer,32,24,297,Medium,Medium,275,33
2022-04-22,Pune,Marketcity,4,ON,Auto,Normal,ON,Scheduled,Scheduled,0,Summer,Summer,35,23,299,High,Medium,252,30
2022-04-23,Pune,Marketcity,4,ON,Manual,Normal,ON,Off,Off,1,Summer,Summer,37,24,329,High,High,305,66
2022-04-24,Pune,Marketcity,4,ON,Auto,Normal,ON,Off,Off,1,Summer,Summer,31,22,339,Medium,High,353,54
2022-04-25,Pune,Marketcity,4,ON,Manual,Trip,ON,Off,Off,0,Summer,Summer,38,23,211,High,Medium,268,33
2022-04-26,Pune,Marketcity,4,ON,Manual,Normal,ON,Off,Off,0,Summer,Summer,36,22,239,High,Medium,284,31
2022-04-27,Pune,Marketcity,4,ON,Auto,Normal,ON,Scheduled,Scheduled,0,Summer,Summer,35,24,210,High,Medium,266,30
2022-04-28,Pune,Marketcity,4,ON,Auto,Normal,ON,Off,Off,0,Summer,Summer,40,25,321,High,High,311,81
2022-04-29,Pune,Marketcity,4,ON,Manual,Trip,ON,Off,Off,0,Summer,Summer,33,23,177,High,Low,203,20
2022-04-30,Pune,Marketcity,4,ON,Manual,Normal,ON,Off,Off,1,Summer,Summer,39,26,415,High,High,371,55
2022-05-01,Pune,Marketcity,5,ON,Manual,Normal,ON,Scheduled,Scheduled,1,Summer,Summer,38,26,411,High,High,330,83
2022-05-02,Pune,Marketcity,5,ON,Manual,Normal,ON,Off,Off,0,Summer,Summer,43,29,346,High,High,321,58
2022-05-03,Pune,Marketcity,5,ON,Auto,Trip,ON,Off,Off,0,Summer,Summer,36,23,297,High,Medium,278,32
2022-05-04,Pune,Marketcity,5,ON,Auto,Normal,ON,Off,Off,0,Summer,Summer,39,26,341,High,High,398,81
2022-05-05,Pune,Marketcity,5,ON,Auto,Normal,ON,Scheduled,Scheduled,0,Summer,Summer,35,23,292,High,Medium,254,37
2022-05-06,Pune,Marketcity,5,ON,Auto,Normal,ON,Off,Off,0,Summer,Summer,32,25,215,Medium,Medium,262,28
2022-05-07,Pune,Marketcity,5,ON,Auto,Normal,OFF,Off,Off,1,Summer,Summer,31,24,386,Medium,High,330,54
2022-05-08,Pune,Marketcity,5,ON,Manual,Normal,ON,Off,Off,1,Summer,Summer,42,28,418,High,High,333,78
2022-05-09,Pune,Marketcity,5,ON,Manual,Normal,ON,Off,Off,0,Summer,Summer,33,25,123,Medium,Low,219,18
2022-05-10,Pune,Marketcity,5,ON,Auto,Normal,ON,Off,Off,0,Summer,Summer,42,28,322,High,High,398,70
2022-05-11,Pune,Marketcity,5,ON,Manual,Trip,ON,Off,Off,0,Summer,Summer,32,23,229,Medium,Medium,270,30
2022-05-12,Pune,Marketcity,5,ON,Manual,Normal,ON,Off,Off,0,Summer,Summer,39,23,335,High,High,334,89
2022-05-13,Pune,Marketcity,5,ON,Manual,Normal,ON,Off,Off,0,Summer,Summer,43,27,322,High,High,399,70
2022-05-14,Pune,Marketcity,5,ON,Auto,Normal,ON,Off,Off,1,Summer,Summer,34,26,342,Medium,High,369,53
2022-05-15,Pune,Marketcity,5,ON,Auto,Normal,ON,Off,Off,1,Summer,Summer,44,29,458,High,High,305,63
2022-05-16,Pune,Marketcity,5,ON,Manual,Normal,ON,Off,Off,0,Summer,Summer,36,25,123,High,Low,236,23
2022-05-17,Pune,Marketcity,5,ON,Manual,Normal,ON,Scheduled,Scheduled,0,Summer,Summer,31,26,243,Medium,Medium,289,30
2022-05-18,Pune,Marketcity,5,ON,Manual,Normal,ON,Scheduled,Scheduled,0,Summer,Summer,33,22,309,High,High,369,88
2022-05-19,Pune,Marketcity,5,ON,Auto,Normal,ON,Off,Off,0,Summer,Summer,36,22,328,High,High,389,81
2022-05-20,Pune,Marketcity,5,ON,Auto,Normal,ON,Off,Off,0,Summer,Summer,42,31,346,High,High,364,85
2022-05-21,Pune,Marketcity,5,ON,Auto,Normal,ON,Off,Off,1,Summer,Summer,31,25,358,Medium,High,355,51
2022-05-22,Pune,Marketcity,5,ON,Auto,Trip,ON,Scheduled,Scheduled,1,Summer,Summer,38,23,417,High,High,351,74
2022-05-23,Pune,Marketcity,5,ON,Auto,Normal,ON,Off,Off,0,Summer,Summer,38,23,129,High,Low,224,26
2022-05-24,Pune,Marketcity,5,ON,Auto,Normal,ON,Off,Off,0,Summer,Summer,42,26,298,High,Medium,295,31
2022-05-25,Pune,Marketcity,5,ON,Manual,Normal,ON,Off,Off,0,Summer,Summer,34,25,305,Medium,High,394,44
2022-05-26,Pune,Marketcity,5,ON,Manual,Normal,ON,Off,Off,0,Summer,Summer,41,28,225,High,Medium,288,31
2022-05-27,Pune,Marketcity,5,ON,Auto,Normal,ON,Off,Off,0,Summer,Summer,39,24,348,High,High,359,73
2022-05-28,Pune,Marketcity,5,ON,Auto,Normal,ON,Off,Off,1,Summer,Summer,38,23,387,High,High,323,61
2022-05-29,Pune,Marketcity,5,ON,Auto,Normal,ON,Scheduled,Scheduled,1,Summer,Summer,38,26,354,High,High,302,74
2022-05-30,Pune,Marketcity,5,ON,Manual,Normal,ON,Off,Off,0,Summer,Summer,38,24,101,High,Low,233,23
2022-05-31,Pune,Marketcity,5,ON,Manual,Normal,ON,Scheduled,Scheduled,0,Summer,Summer,44,26,184,High,Low,231,29
2022-06-01,Pune,Marketcity,6,ON,Auto,Normal,ON,Off,Off,0,Summer,Summer,42,30,230,High,Medium,271,35
2022-06-02,Pune,Marketcity,6,ON,Manual,Normal,ON,Off,Off,0,Summer,Summer,38,22,253,High,Medium,250,30
2022-06-03,Pune,Marketcity,6,ON,Auto,Normal,ON,Off,Off,0,Summer,Summer,38,26,311,High,High,395,81
2022-06-04,Pune,Marketcity,6,ON,Manual,Normal,OFF,Off,Off,1,Summer,Summer,37,22,489,High,High,393,79
2022-06-05,Pune,Marketcity,6,ON,Auto,Normal,ON,Off,Off,1,Summer,Summer,40,25,365,High,High,388,58
2022-06-06,Pune,Marketcity,6,ON,Manual,Normal,OFF,Off,Off,0,Summer,Summer,32,24,148,Medium,Low,245,18
2022-06-07,Pune,Marketcity,6,ON,Auto,Trip,ON,Off,Off,0,Summer,Summer,44,30,279,High,Medium,257,34
2022-06-08,Pune,Marketcity,6,ON,Auto,Normal,ON,Off,Off,0,Summer,Summer,39,23,112,High,Low,212,25
2022-06-09,Pune,Marketcity,6,ON,Manual,Normal,OFF,Off,Off,0,Summer,Summer,42,28,226,High,Medium,257,35
2022-06-10,Pune,Marketcity,6,ON,Auto,Normal,ON,Off,Off,0,Summer,Summer,30,21,176,Medium,Low,221,19
2022-06-11,Pune,Marketcity,6,ON,Manual,Normal,ON,Scheduled,Scheduled,1,Summer,Summer,44,27,339,High,High,353,62
2022-06-12,Pune,Marketcity,6,ON,Manual,Normal,ON,Off,Off,1,Summer,Summer,30,20,413,High,High,347,89
2022-06-13,Pune,Marketcity,6,ON,Auto,Normal,ON,Off,Off,0,Summer,Summer,36,26,212,High,Medium,274,35
2022-06-14,Pune,Marketcity,6,ON,Auto,Normal,ON,Off,Off,0,Summer,Summer,41,31,278,High,Medium,253,36
2022-06-15,Pune,Marketcity,6,ON,Auto,Trip,ON,Off,Off,0,Summer,Summer,39,26,194,High,Low,218,24
2022-06-16,Pune,Marketcity,6,ON,Manual,Normal,ON,Off,Off,0,Summer,Summer,33,25,186,Medium,Low,223,24
2022-06-17,Pune,Marketcity,6,ON,Auto,Normal,OFF,Off,Off,0,Summer,Summer,40,26,172,High,Low,226,22
2022-06-18,Pune,Marketcity,6,ON,Auto,Normal,ON,Off,Off,1,Summer,Summer,43,29,408,High,High,341,62
2022-06-19,Pune,Marketcity,6,ON,Auto,Normal,ON,Off,Off,1,Summer,Summer,39,22,399,High,High,387,83
2022-06-20,Pune,Marketcity,6,ON,Auto,Normal,ON,Off,Off,0,Summer,Summer,42,28,191,High,Low,228,25
2022-06-21,Pune,Marketcity,6,ON,Auto,Trip,ON,Off,Off,0,Summer,Summer,41,25,347,High,High,333,55
2022-06-22,Pune,Marketcity,6,ON,Manual,Normal,OFF,Off,Off,0,Summer,Summer,37,23,285,High,Medium,294,38
2022-06-23,Pune,Marketcity,6,ON,Auto,Normal,ON,Off,Off,0,Summer,Summer,42,31,157,High,Low,204,27
2022-06-24,Pune,Marketcity,6,ON,Manual,Normal,ON,Off,Off,0,Summer,Summer,43,31,341,High,High,355,77
2022-06-25,Pune,Marketcity,6,ON,Auto,Normal,ON,Off,Off,1,Summer,Summer,42,28,397,High,High,302,77
2022-06-26,Pune,Marketcity,6,ON,Auto,Normal,ON,Off,Off,1,Summer,Summer,36,25,458,High,High,318,83
2022-06-27,Pune,Marketcity,6,ON,Manual,Normal,OFF,Off,Off,0,Summer,Summer,34,26,319,Medium,High,326,46
2022-06-28,Pune,Marketcity,6,ON,Auto,Normal,ON,Off,Off,0,Summer,Summer,40,23,339,High,High,319,60
2022-06-29,Pune,Marketcity,6,ON,Manual,Trip,ON,Off,Off,0,Summer,Summer,36,26,318,High,High,340,89
2022-06-30,Pune,Marketcity,6,ON,Auto,Trip,ON,Off,Off,0,Summer,Summer,34,26,274,Medium,Medium,290,30
2022-07-01,Pune,Marketcity,7,ON,Manual,Normal,ON,Off,Off,0,Monsoon,Summer,17,20,269,Low,Medium,284,23
2022-07-02,Pune,Marketcity,7,ON,Auto,Normal,OFF,Off,Off,1,Monsoon,Summer,28,20,440,Medium,High,356,53
2022-07-03,Pune,Marketcity,7,ON,Auto,Normal,ON,Off,Off,1,Monsoon,Summer,15,22,467,Medium,High,306,44
2022-07-04,Pune,Marketcity,7,ON,Auto,Normal,ON,Off,Off,0,Monsoon,Summer,23,24,279,Low,Medium,276,28
2022-07-05,Pune,Marketcity,7,ON,Auto,Normal,ON,Off,Off,0,Monsoon,Summer,18,20,209,Low,Medium,265,27
2022-07-06,Pune,Marketcity,7,ON,Manual,Normal,ON,Off,Off,0,Monsoon,Summer,25,22,287,Low,Medium,274,23
2022-07-07,Pune,Marketcity,7,ON,Auto,Normal,OFF,Off,Off,0,Monsoon,Summer,20,24,179,Low,Low,209,17
2022-07-08,Pune,Marketcity,7,ON,Auto,Normal,ON,Off,Off,0,Monsoon,Summer,18,19,210,Low,Medium,271,27
2022-07-09,Pune,Marketcity,7,ON,Auto,Normal,ON,Scheduled,Scheduled,1,Monsoon,Summer,28,21,446,Medium,High,363,53
2022-07-10,Pune,Marketcity,7,ON,Auto,Normal,ON,Off,Off,1,Monsoon,Summer,15,19,433,Low,High,385,35
2022-07-11,Pune,Marketcity,7,ON,Auto,Normal,OFF,Off,Off,0,Monsoon,Summer,26,24,219,Low,Medium,282,21
2022-07-12,Pune,Marketcity,7,ON,Auto,Normal,ON,Scheduled,Scheduled,0,Monsoon,Summer,28,22,100,Medium,Low,206,17
2022-07-13,Pune,Marketcity,7,ON,Manual,Normal,ON,Off,Off,0,Monsoon,Summer,29,24,213,Medium,Medium,268,31
2022-07-14,Pune,Marketcity,7,ON,Manual,Trip,OFF,Off,Off,0,Monsoon,Summer,24,22,140,Low,Low,234,15
2022-07-15,Pune,Marketcity,7,ON,Manual,Trip,ON,Off,Off,0,Monsoon,Summer,22,24,238,Low,Medium,266,26
2022-07-16,Pune,Marketcity,7,ON,Auto,Normal,ON,Off,Off,1,Monsoon,Summer,19,19,378,Low,High,327,31
2022-07-17,Pune,Marketcity,7,ON,Auto,Normal,ON,Off,Off,1,Monsoon,Summer,23,22,346,Low,High,363,35
2022-07-18,Pune,Marketcity,7,ON,Auto,Normal,ON,Off,Off,0,Monsoon,Summer,26,22,174,Low,Low,216,11
2022-07-19,Pune,Marketcity,7,ON,Manual,Normal,ON,Off,Off,0,Monsoon,Summer,28,24,217,Low,Medium,286,21
2022-07-20,Pune,Marketcity,7,ON,Auto,Normal,OFF,Off,Off,0,Monsoon,Summer,15,18,312,Low,High,342,30
2022-07-21,Pune,Marketcity,7,ON,Auto,Normal,ON,Off,Off,0,Monsoon,Summer,18,21,339,Low,High,366,30
2022-07-22,Pune,Marketcity,7,ON,Manual,Normal,ON,Off,Off,0,Monsoon,Summer,27,23,164,Low,Low,238,14
2022-07-23,Pune,Marketcity,7,ON,Manual,Normal,OFF,Off,Off,1,Monsoon,Summer,19,22,499,Low,High,346,35
2022-07-24,Pune,Marketcity,7,ON,Auto,Normal,ON,Off,Off,1,Monsoon,Summer,22,22,377,Low,High,378,31
2022-07-25,Pune,Marketcity,7,ON,Manual,Normal,ON,Off,Off,0,Monsoon,Summer,21,24,313,Low,High,348,38
2022-07-26,Pune,Marketcity,7,ON,Auto,Normal,ON,Off,Off,0,Monsoon,Summer,19,20,296,Low,Medium,269,21
2022-07-27,Pune,Marketcity,7,ON,Auto,Normal,ON,Scheduled,Scheduled,0,Monsoon,Summer,26,21,152,Medium,Low,242,17
2022-07-28,Pune,Marketcity,7,ON,Auto,Normal,ON,Scheduled,Scheduled,0,Monsoon,Summer,15,24,343,Medium,High,322,44
2022-07-29,Pune,Marketcity,7,ON,Manual,Normal,ON,Off,Off,0,Monsoon,Summer,24,21,231,Low,Medium,283,26
2022-07-30,Pune,Marketcity,7,ON,Manual,Normal,ON,Off,Off,1,Monsoon,Summer,27,24,448,Low,High,321,31
2022-07-31,Pune,Marketcity,7,ON,Manual,Normal,ON,Off,Off,1,Monsoon,Summer,16,20,328,Low,High,393,34
2022-08-01,Pune,Marketcity,8,ON,Auto,Normal,ON,Off,Off,0,Monsoon,Summer,25,20,223,Medium,Medium,273,30
2022-08-02,Pune,Marketcity,8,ON,Manual,Normal,ON,Off,Off,0,Monsoon,Summer,26,22,340,Low,High,354,35
2022-08-03,Pune,Marketcity,8,ON,Auto,Normal,ON,Off,Off,0,Monsoon,Summer,17,23,132,Medium,Low,247,22
2022-08-04,Pune,Marketcity,8,ON,Auto,Normal,ON,Off,Off,0,Monsoon,Summer,25,21,138,Low,Low,206,16
2022-08-05,Pune,Marketcity,8,ON,Manual,Normal,ON,Off,Off,0,Monsoon,Summer,18,21,209,Low,Medium,280,27
2022-08-06,Pune,Marketcity,8,ON,Manual,Normal,ON,Scheduled,Scheduled,1,Monsoon,Summer,18,19,447,Low,High,307,31
2022-08-07,Pune,Marketcity,8,ON,Auto,Normal,ON,Off,Off,1,Monsoon,Summer,19,19,319,Low,High,304,37
2022-08-08,Pune,Marketcity,8,ON,Manual,Normal,ON,Off,Off,0,Monsoon,Summer,28,23,268,Medium,Medium,271,27
2022-08-09,Pune,Marketcity,8,ON,Auto,Normal,ON,Scheduled,Scheduled,0,Monsoon,Summer,16,20,261,Low,Medium,284,29
2022-08-10,Pune,Marketcity,8,ON,Manual,Normal,ON,Off,Off,0,Monsoon,Summer,28,24,159,Low,Low,226,18
2022-08-11,Pune,Marketcity,8,ON,Auto,Normal,ON,Off,Off,0,Monsoon,Summer,27,22,111,Medium,Low,232,21
2022-08-12,Pune,Marketcity,8,ON,Auto,Normal,ON,Off,Off,0,Monsoon,Summer,28,20,305,Medium,High,329,52
2022-08-13,Pune,Marketcity,8,ON,Auto,Normal,ON,Off,Off,1,Monsoon,Summer,28,20,464,Medium,High,319,48
2022-08-14,Pune,Marketcity,8,ON,Manual,Normal,ON,Off,Off,1,Monsoon,Summer,16,23,421,Medium,High,301,48
2022-08-15,Pune,Marketcity,8,ON,Manual,Normal,ON,Off,Off,0,Monsoon,Summer,25,24,348,Low,High,316,32
2022-08-16,Pune,Marketcity,8,ON,Manual,Normal,ON,Off,Off,0,Monsoon,Summer,27,23,241,Low,Medium,289,26
2022-08-17,Pune,Marketcity,8,ON,Manual,Normal,ON,Off,Off,0,Monsoon,Summer,23,20,116,Low,Low,214,15
2022-08-18,Pune,Marketcity,8,ON,Auto,Normal,ON,Off,Off,0,Monsoon,Summer,26,20,139,Medium,Low,211,22
2022-08-19,Pune,Marketcity,8,ON,Manual,Normal,ON,Off,Off,0,Monsoon,Summer,24,22,309,Low,High,366,31
2022-08-20,Pune,Marketcity,8,ON,Auto,Normal,OFF,Off,Off,1,Monsoon,Summer,24,21,404,Low,High,359,32
2022-08-21,Pune,Marketcity,8,ON,Manual,Normal,ON,Off,Off,1,Monsoon,Summer,26,20,371,Medium,High,316,48
2022-08-22,Pune,Marketcity,8,ON,Auto,Normal,ON,Off,Off,0,Monsoon,Summer,22,23,113,Low,Low,242,10
2022-08-23,Pune,Marketcity,8,ON,Manual,Normal,ON,Off,Off,0,Monsoon,Summer,22,22,130,Low,Low,208,15
2022-08-24,Pune,Marketcity,8,ON,Manual,Trip,ON,Off,Off,0,Monsoon,Summer,22,21,323,Low,High,398,36
2022-08-25,Pune,Marketcity,8,ON,Manual,Normal,ON,Off,Off,0,Monsoon,Summer,24,22,213,Low,Medium,297,27
2022-08-26,Pune,Marketcity,8,ON,Auto,Normal,ON,Off,Off,0,Monsoon,Summer,23,20,271,Low,Medium,252,20
2022-08-27,Pune,Marketcity,8,ON,Auto,Normal,ON,Scheduled,Scheduled,1,Monsoon,Summer,25,23,486,Low,High,389,37
2022-08-28,Pune,Marketcity,8,ON,Auto,Normal,ON,Off,Off,1,Monsoon,Summer,16,20,479,Low,High,342,31
2022-08-29,Pune,Marketcity,8,ON,Manual,Trip,ON,Off,Off,0,Monsoon,Summer,23,23,247,Low,Medium,266,27
2022-08-30,Pune,Marketcity,8,ON,Auto,Normal,ON,Off,Off,0,Monsoon,Summer,25,22,259,Low,Medium,279,23
2022-08-31,Pune,Marketcity,8,ON,Auto,Normal,ON,Off,Off,0,Monsoon,Summer,26,20,322,Medium,High,349,44
2022-09-01,Pune,Marketcity,9,ON,Auto,Normal,ON,Off,Off,0,Monsoon,Summer,19,21,254,Low,Medium,279,26
2022-09-02,Pune,Marketcity,9,ON,Auto,Normal,ON,Off,Off,0,Monsoon,Summer,20,21,151,Low,Low,243,13
2022-09-03,Pune,Marketcity,9,ON,Auto,Normal,ON,Off,Off,1,Monsoon,Summer,25,20,346,Medium,High,369,50
2022-09-04,Pune,Marketcity,9,ON,Auto,Normal,ON,Off,Off,1,Monsoon,Summer,25,24,402,Low,High,363,32
2022-09-05,Pune,Marketcity,9,ON,Auto,Normal,ON,Off,Off,0,Monsoon,Summer,20,19,246,Low,Medium,266,22
2022-09-06,Pune,Marketcity,9,ON,Auto,Trip,ON,Off,Off,0,Monsoon,Summer,20,21,315,Low,High,399,35
2022-09-07,Pune,Marketcity,9,ON,Manual,Normal,ON,Off,Off,0,Monsoon,Summer,22,21,256,Low,Medium,278,28
2022-09-08,Pune,Marketcity,9,ON,Manual,Normal,ON,Off,Off,0,Monsoon,Summer,27,24,153,Low,Low,230,16
2022-09-09,Pune,Marketcity,9,ON,Auto,Trip,ON,Off,Off,0,Monsoon,Summer,16,19,121,Low,Low,217,14
2022-09-10,Pune,Marketcity,9,ON,Auto,Normal,ON,Scheduled,Scheduled,1,Monsoon,Summer,15,23,313,Medium,High,318,54
2022-09-11,Pune,Marketcity,9,ON,Auto,Normal,OFF,Off,Off,1,Monsoon,Summer,29,23,477,Medium,High,377,49
2022-09-12,Pune,Marketcity,9,ON,Auto,Normal,ON,Off,Off,0,Monsoon,Summer,15,22,251,Medium,Medium,264,26
2022-09-13,Pune,Marketcity,9,ON,Auto,Trip,ON,Off,Off,0,Monsoon,Summer,29,20,104,Medium,Low,213,24
2022-09-14,Pune,Marketcity,9,ON,Manual,Normal,ON,Off,Off,0,Monsoon,Summer,26,21,221,Medium,Medium,292,30
2022-09-15,Pune,Marketcity,9,ON,Auto,Trip,OFF,Off,Off,0,Monsoon,Summer,15,20,283,Medium,Medium,278,33
2022-09-16,Pune,Marketcity,9,ON,Auto,Trip,ON,Off,Off,0,Monsoon,Summer,28,23,219,Medium,Medium,299,32
2022-09-17,Pune,Marketcity,9,ON,Auto,Trip,ON,Off,Off,1,Monsoon,Summer,28,21,348,Medium,High,318,45
2022-09-18,Pune,Marketcity,9,ON,Manual,Normal,OFF,Off,Off,1,Monsoon,Summer,21,23,306,Low,High,394,39
2022-09-19,Pune,Marketcity,9,ON,Manual,Trip,OFF,Off,Off,0,Monsoon,Summer,16,23,327,Medium,High,338,52
2022-09-20,Pune,Marketcity,9,ON,Manual,Normal,ON,Off,Off,0,Monsoon,Summer,16,24,106,Medium,Low,247,21
2022-09-21,Pune,Marketcity,9,ON,Auto,Normal,ON,Off,Off,0,Monsoon,Summer,26,20,185,Medium,Low,227,21
2022-09-22,Pune,Marketcity,9,ON,Auto,Normal,ON,Off,Off,0,Monsoon,Summer,24,24,208,Low,Medium,266,28
2022-09-23,Pune,Marketcity,9,ON,Manual,Normal,OFF,Off,Off,0,Monsoon,Summer,26,21,189,Medium,Low,224,20
2022-09-24,Pune,Marketcity,9,ON,Manual,Normal,ON,Off,Off,1,Monsoon,Summer,24,23,364,Low,High,357,34
2022-09-25,Pune,Marketcity,9,ON,Auto,Normal,ON,Off,Off,1,Monsoon,Summer,28,22,348,Medium,High,387,46
2022-09-26,Pune,Marketcity,9,ON,Manual,Normal,ON,Off,Off,0,Monsoon,Summer,28,23,102,Medium,Low,248,18
2022-09-27,Pune,Marketcity,9,ON,Manual,Trip,ON,Off,Off,0,Monsoon,Summer,20,23,207,Low,Medium,254,22
2022-09-28,Pune,Marketcity,9,ON,Auto,Trip,ON,Off,Off,0,Monsoon,Summer,25,24,103,Low,Low,232,16
2022-09-29,Pune,Marketcity,9,ON,Auto,Normal,OFF,Off,Off,0,Monsoon,Summer,22,22,159,Low,Low,234,15
2022-09-30,Pune,Marketcity,9,ON,Manual,Trip,ON,Off,Off,0,Monsoon,Summer,21,24,216,Low,Medium,274,25
2022-10-01,Pune,Marketcity,10,ON,Manual,Trip,ON,Off,Off,1,Winter,Summer,28,21,345,Medium,High,356,43
2022-10-02,Pune,Marketcity,10,ON,Manual,Normal,ON,Scheduled,Scheduled,1,Winter,Summer,16,20,334,Low,High,310,32
2022-10-03,Pune,Marketcity,10,ON,Auto,Normal,ON,Off,Off,0,Winter,Summer,29,20,223,Medium,Medium,289,25
2022-10-04,Pune,Marketcity,10,ON,Manual,Normal,ON,Scheduled,Scheduled,0,Winter,Summer,23,22,137,Low,Low,248,10
2022-10-05,Pune,Marketcity,10,ON,Auto,Trip,ON,Scheduled,Scheduled,0,Winter,Summer,17,22,121,Medium,Low,241,21
2022-10-06,Pune,Marketcity,10,ON,Auto,Normal,ON,Off,Off,0,Winter,Summer,19,23,230,Low,Medium,250,27
2022-10-07,Pune,Marketcity,10,ON,Auto,Normal,ON,Scheduled,Scheduled,0,Winter,Summer,18,19,144,Low,Low,249,14
2022-10-08,Pune,Marketcity,10,ON,Manual,Normal,OFF,Off,Off,1,Winter,Summer,18,19,451,Low,High,389,33
2022-10-09,Pune,Marketcity,10,ON,Manual,Normal,ON,Off,Off,1,Winter,Summer,28,22,410,Medium,High,316,41
2022-10-10,Pune,Marketcity,10,ON,Manual,Trip,ON,Off,Off,0,Winter,Summer,24,20,295,Low,Medium,292,27
2022-10-11,Pune,Marketcity,10,ON,Manual,Normal,OFF,Off,Off,0,Winter,Summer,28,22,291,Medium,Medium,258,26
2022-10-12,Pune,Marketcity,10,ON,Manual,Normal,ON,Off,Off,0,Winter,Summer,20,24,236,Low,Medium,261,20
2022-10-13,Pune,Marketcity,10,ON,Auto,Normal,ON,Off,Off,0,Winter,Summer,24,24,345,Low,High,300,31
2022-10-14,Pune,Marketcity,10,ON,Auto,Normal,ON,Off,Off,0,Winter,Summer,21,22,154,Low,Low,222,16
2022-10-15,Pune,Marketcity,10,ON,Manual,Normal,OFF,Off,Off,1,Winter,Summer,19,18,388,Low,High,358,37
2022-10-16,Pune,Marketcity,10,ON,Manual,Normal,ON,Scheduled,Scheduled,1,Winter,Summer,20,23,316,Low,High,323,37
2022-10-17,Pune,Marketcity,10,ON,Auto,Normal,ON,Off,Off,0,Winter,Summer,23,23,229,Low,Medium,256,28
2022-10-18,Pune,Marketcity,10,ON,Auto,Normal,ON,Off,Off,0,Winter,Summer,24,20,175,Low,Low,230,18
2022-10-19,Pune,Marketcity,10,ON,Auto,Normal,ON,Off,Off,0,Winter,Summer,25,20,330,Medium,High,310,49
2022-10-20,Pune,Marketcity,10,ON,Auto,Normal,ON,Scheduled,Scheduled,0,Winter,Summer,20,22,342,Low,High,388,37
2022-10-21,Pune,Marketcity,10,ON,Auto,Normal,OFF,Off,Off,0,Winter,Summer,20,19,236,Low,Medium,299,23
2022-10-22,Pune,Marketcity,10,ON,Auto,Normal,ON,Off,Off,1,Winter,Summer,17,18,489,Low,High,342,34
2022-10-23,Pune,Marketcity,10,ON,Auto,Normal,ON,Off,Off,1,Winter,Summer,29,21,469,Medium,High,385,47
2022-10-24,Pune,Marketcity,10,ON,Auto,Normal,ON,Off,Off,0,Winter,Summer,23,20,321,Low,High,311,35
2022-10-25,Pune,Marketcity,10,ON,Auto,Normal,OFF,Off,Off,0,Winter,Summer,19,22,189,Low,Low,236,17
2022-10-26,Pune,Marketcity,10,ON,Auto,Normal,ON,Off,Off,0,Winter,Summer,20,18,259,Low,Medium,266,24
2022-10-27,Pune,Marketcity,10,ON,Manual,Normal,ON,Off,Off,0,Winter,Summer,21,24,130,Low,Low,207,13
2022-10-28,Pune,Marketcity,10,ON,Auto,Normal,ON,Scheduled,Scheduled,0,Winter,Summer,16,22,328,Medium,High,304,48
2022-10-29,Pune,Marketcity,10,ON,Auto,Normal,ON,Off,Off,1,Winter,Summer,20,23,450,Low,High,350,37
2022-10-30,Pune,Marketcity,10,ON,Auto,Normal,ON,Off,Off,1,Winter,Summer,28,22,482,Medium,High,360,49
2022-10-31,Pune,Marketcity,10,ON,Auto,Normal,ON,Scheduled,Scheduled,0,Winter,Summer,21,20,289,Low,Medium,264,28
2022-11-01,Pune,Marketcity,11,ON,Manual,Normal,ON,Off,Off,0,Winter,Summer,20,19,171,Low,Low,204,16
2022-11-02,Pune,Marketcity,11,ON,Auto,Normal,ON,Off,Off,0,Winter,Summer,18,22,116,Low,Low,234,14
2022-11-03,Pune,Marketcity,11,ON,Manual,Trip,ON,Scheduled,Scheduled,0,Winter,Summer,17,19,104,Low,Low,219,16
2022-11-04,Pune,Marketcity,11,ON,Manual,Normal,ON,Scheduled,Scheduled,0,Winter,Summer,21,21,168,Low,Low,222,10
2022-11-05,Pune,Marketcity,11,ON,Manual,Trip,ON,Off,Off,1,Winter,Summer,27,21,375,Medium,High,399,42
2022-11-06,Pune,Marketcity,11,ON,Manual,Normal,ON,Off,Off,1,Winter,Summer,27,23,407,Low,High,322,37
2022-11-07,Pune,Marketcity,11,ON,Manual,Normal,ON,Off,Off,0,Winter,Summer,15,23,220,Medium,Medium,251,25
2022-11-08,Pune,Marketcity,11,ON,Manual,Normal,ON,Off,Off,0,Winter,Summer,16,22,260,Medium,Medium,289,34
2022-11-09,Pune,Marketcity,11,ON,Auto,Normal,ON,Off,Off,0,Winter,Summer,25,22,281,Low,Medium,264,26
2022-11-10,Pune,Marketcity,11,ON,Auto,Normal,ON,Off,Off,0,Winter,Summer,25,24,266,Low,Medium,278,26
2022-11-11,Pune,Marketcity,11,ON,Manual,Normal,ON,Scheduled,Scheduled,0,Winter,Summer,25,24,348,Low,High,372,30
2022-11-12,Pune,Marketcity,11,ON,Auto,Normal,ON,Scheduled,Scheduled,1,Winter,Summer,15,24,311,Medium,High,324,49
2022-11-13,Pune,Marketcity,11,ON,Auto,Normal,ON,Scheduled,Scheduled,1,Winter,Summer,20,21,417,Low,High,361,38
2022-11-14,Pune,Marketcity,11,ON,Auto,Normal,ON,Scheduled,Scheduled,0,Winter,Summer,26,23,319,Low,High,360,37
2022-11-15,Pune,Marketcity,11,ON,Auto,Normal,ON,Off,Off,0,Winter,Summer,28,22,113,Medium,Low,203,23
2022-11-16,Pune,Marketcity,11,ON,Auto,Normal,ON,Off,Off,0,Winter,Summer,22,24,207,Low,Medium,272,26
2022-11-17,Pune,Marketcity,11,ON,Auto,Normal,ON,Off,Off,0,Winter,Summer,25,20,121,Medium,Low,206,20
2022-11-18,Pune,Marketcity,11,ON,Auto,Normal,ON,Scheduled,Scheduled,0,Winter,Summer,18,18,133,Low,Low,226,16
2022-11-19,Pune,Marketcity,11,ON,Manual,Normal,ON,Off,Off,1,Winter,Summer,18,21,350,Low,High,369,30
2022-11-20,Pune,Marketcity,11,ON,Auto,Normal,OFF,Off,Off,1,Winter,Summer,17,24,316,Medium,High,363,44
2022-11-21,Pune,Marketcity,11,ON,Auto,Normal,ON,Scheduled,Scheduled,0,Winter,Summer,16,22,276,Medium,Medium,275,30
2022-11-22,Pune,Marketcity,11,ON,Manual,Trip,OFF,Off,Off,0,Winter,Summer,22,22,123,Low,Low,245,16
2022-11-23,Pune,Marketcity,11,ON,Auto,Normal,ON,Scheduled,Scheduled,0,Winter,Summer,21,21,283,Low,Medium,269,20
2022-11-24,Pune,Marketcity,11,ON,Auto,Normal,ON,Off,Off,0,Winter,Summer,29,20,155,Medium,Low,242,21
2022-11-25,Pune,Marketcity,11,ON,Auto,Normal,ON,Off,Off,0,Winter,Summer,26,21,318,Medium,High,333,43
2022-11-26,Pune,Marketcity,11,ON,Auto,Normal,ON,Off,Off,1,Winter,Summer,18,20,485,Low,High,376,31
2022-11-27,Pune,Marketcity,11,ON,Manual,Normal,ON,Off,Off,1,Winter,Summer,16,21,409,Medium,High,394,45
2022-11-28,Pune,Marketcity,11,ON,Auto,Trip,ON,Off,Off,0,Winter,Summer,29,20,168,Medium,Low,206,16
2022-11-29,Pune,Marketcity,11,ON,Auto,Trip,ON,Off,Off,0,Winter,Summer,26,23,282,Low,Medium,283,24
2022-11-30,Pune,Marketcity,11,ON,Manual,Normal,ON,Off,Off,0,Winter,Summer,24,22,321,Low,High,380,32
2022-12-01,Pune,Marketcity,12,ON,Manual,Normal,ON,Off,Off,0,Winter,Summer,29,21,276,Medium,Medium,295,34
2022-12-02,Pune,Marketcity,12,ON,Manual,Trip,ON,Off,Off,0,Winter,Summer,25,21,174,Low,Low,212,14
2022-12-03,Pune,Marketcity,12,ON,Manual,Trip,ON,Off,Off,1,Winter,Summer,20,18,408,Low,High,339,35
2022-12-04,Pune,Marketcity,12,ON,Auto,Normal,ON,Off,Off,1,Winter,Summer,17,19,387,Low,High,361,36
2022-12-05,Pune,Marketcity,12,ON,Auto,Trip,ON,Off,Off,0,Winter,Summer,25,23,223,Low,Medium,291,29
2022-12-06,Pune,Marketcity,12,ON,Auto,Trip,ON,Off,Off,0,Winter,Summer,24,24,190,Low,Low,237,14
2022-12-07,Pune,Marketcity,12,ON,Auto,Normal,ON,Off,Off,0,Winter,Summer,28,20,324,Medium,High,380,42
2022-12-08,Pune,Marketcity,12,ON,Auto,Normal,OFF,Off,Off,0,Winter,Summer,20,23,257,Low,Medium,268,25
2022-12-09,Pune,Marketcity,12,ON,Manual,Normal,ON,Off,Off,0,Winter,Summer,29,23,278,Medium,Medium,289,31
2022-12-10,Pune,Marketcity,12,ON,Manual,Normal,ON,Scheduled,Scheduled,1,Winter,Summer,26,22,356,Low,High,344,36
2022-12-11,Pune,Marketcity,12,ON,Auto,Trip,OFF,Off,Off,1,Winter,Summer,16,22,338,Medium,High,353,48
2022-12-12,Pune,Marketcity,12,ON,Manual,Trip,ON,Off,Off,0,Winter,Summer,28,21,135,Medium,Low,204,18
2022-12-13,Pune,Marketcity,12,ON,Auto,Normal,ON,Off,Off,0,Winter,Summer,15,24,272,Medium,Medium,274,32
2022-12-14,Pune,Marketcity,12,ON,Auto,Normal,ON,Off,Off,0,Winter,Summer,18,21,344,Low,High,306,37
2022-12-15,Pune,Marketcity,12,ON,Auto,Trip,ON,Off,Off,0,Winter,Summer,24,24,331,Low,High,348,31
2022-12-16,Pune,Marketcity,12,ON,Auto,Normal,ON,Off,Off,0,Winter,Summer,19,19,262,Low,Medium,263,23
2022-12-17,Pune,Marketcity,12,ON,Manual,Normal,ON,Off,Off,1,Winter,Summer,25,24,364,Low,High,323,30
2022-12-18,Pune,Marketcity,12,ON,Manual,Trip,ON,Off,Off,1,Winter,Summer,20,18,408,Low,High,377,36
2022-12-19,Pune,Marketcity,12,ON,Manual,Normal,ON,Off,Off,0,Winter,Summer,22,21,349,Low,High,321,34
2022-12-20,Pune,Marketcity,12,ON,Auto,Normal,ON,Off,Off,0,Winter,Summer,27,21,187,Medium,Low,221,17
2022-12-21,Pune,Marketcity,12,ON,Manual,Normal,ON,Off,Off,0,Winter,Summer,18,23,247,Medium,Medium,272,34
2022-12-22,Pune,Marketcity,12,ON,Auto,Normal,ON,Off,Off,0,Winter,Summer,27,20,113,Medium,Low,204,15
2022-12-23,Pune,Marketcity,12,ON,Manual,Normal,ON,Off,Off,0,Winter,Summer,17,18,174,Low,Low,227,11
2022-12-24,Pune,Marketcity,12,ON,Manual,Normal,ON,Off,Off,1,Winter,Summer,18,18,475,Low,High,337,37
2022-12-25,Pune,Marketcity,12,ON,Auto,Normal,ON,Off,Off,1,Winter,Summer,17,21,448,Low,High,358,32
2022-12-26,Pune,Marketcity,12,ON,Auto,Normal,OFF,Off,Off,0,Winter,Summer,19,20,289,Low,Medium,267,29
2022-12-27,Pune,Marketcity,12,ON,Manual,Normal,ON,Scheduled,Scheduled,0,Winter,Summer,23,20,105,Low,Low,201,19
2022-12-28,Pune,Marketcity,12,ON,Auto,Normal,ON,Off,Off,0,Winter,Summer,21,22,128,Low,Low,230,13
2022-12-29,Pune,Marketcity,12,ON,Manual,Trip,ON,Scheduled,Scheduled,0,Winter,Summer,29,23,190,Medium,Low,218,24
2022-12-30,Pune,Marketcity,12,ON,Auto,Normal,ON,Off,Off,0,Winter,Summer,24,22,226,Low,Medium,280,24
2022-12-31,Pune,Marketcity,12,ON,Auto,Normal,ON,Off,Off,1,Winter,Summer,25,20,327,Medium,High,348,51
